✅ Found Target SDR at Index: 0
🌌 Initializing Hydrogen Line Automated USB Observatory Control Loop...
🛰️ Initiating core background logging loop for 2026-09-07...
Terminated
✅ Found Target SDR at Index: 0
🌌 Initializing Hydrogen Line Automated USB Observatory Control Loop...
🛰️ Initiating core background logging loop for 2026-09-07...
🔔 Midnight reached! Compressing data for 2026-09-07...
Committing full day's data and local directory changes for 2026-09-07...
[main 1e081b9] Auto daily spectrum upload and updates: 2026-09-07
 19 files changed, 664 insertions(+), 163 deletions(-)
 rename 2026/09/04/{scan_errors.log.gz => scan.log.gz} (100%)
 rename 2026/09/05/{scan_errors.log.gz => scan.log.gz} (100%)
 create mode 100644 2026/09/06/scan.log.gz
 delete mode 100644 2026/09/06/scan_errors.log.gz
 create mode 100644 2026/09/07/hydrogen.dat.gz
 create mode 100644 2026/09/07/scan.log.gz
 create mode 100644 images/spectrum.png
 rename 21cm.css => static/21cm.css (84%)
 rename 21cm.js => static/21cm.js (57%)
 rename chart.js => static/chart.js (100%)
 rename pako.min.js => static/pako.min.js (100%)
 create mode 100644 telescope_system.log
 delete mode 100644 telescope_system.log.gz
To github.com:bkb3/hydrogen-observatory.git
   a129c53..1e081b9  main -> main
Moving to tomorrow's nested calendar directory...
🛰️ Initiating core background logging loop for 2026-09-08...
🔔 Midnight reached! Compressing data for 2026-09-08...
Committing full day's data and local directory changes for 2026-09-08...
[main 6f570fe] Auto daily spectrum upload and updates: 2026-09-08
 3 files changed, 22 insertions(+)
 create mode 100644 2026/09/08/hydrogen.dat.gz
 create mode 100644 2026/09/08/scan.log.gz
To github.com:bkb3/hydrogen-observatory.git
   1e081b9..6f570fe  main -> main
Moving to tomorrow's nested calendar directory...
🛰️ Initiating core background logging loop for 2026-09-09...
🔔 Midnight reached! Compressing data for 2026-09-09...
Committing full day's data and local directory changes for 2026-09-09...
[main 0044f14] Auto daily spectrum upload and updates: 2026-09-09
 5 files changed, 290 insertions(+), 158 deletions(-)
 create mode 100644 2026/09/09/hydrogen.dat.gz
 create mode 100644 2026/09/09/scan.log.gz
To github.com:bkb3/hydrogen-observatory.git
   6f570fe..0044f14  main -> main
Moving to tomorrow's nested calendar directory...
🛰️ Initiating core background logging loop for 2026-09-10...
🔔 Midnight reached! Compressing data for 2026-09-10...
Committing full day's data and local directory changes for 2026-09-10...
[main c271dda] Auto daily spectrum upload and updates: 2026-09-10
 6 files changed, 256 insertions(+), 92 deletions(-)
 create mode 100644 2026/09/10/hydrogen.dat.gz
 create mode 100644 2026/09/10/scan.log.gz
To github.com:bkb3/hydrogen-observatory.git
   0044f14..c271dda  main -> main
Moving to tomorrow's nested calendar directory...
🛰️ Initiating core background logging loop for 2026-09-11...
🔔 Midnight reached! Compressing data for 2026-09-11...
Committing full day's data and local directory changes for 2026-09-11...
[main 0a296c2] Auto daily spectrum upload and updates: 2026-09-11
 13 files changed, 2619 insertions(+), 1761 deletions(-)
 create mode 100644 2026/09/11/hydrogen.dat.gz
 create mode 100644 2026/09/11/scan.log.gz
 delete mode 100644 static/21cm.js
 rename static/{ => css}/21cm.css (69%)
 create mode 100644 static/js/21cm/21cm-main.js
 create mode 100644 static/js/21cm/astro-kinematics.js
 create mode 100644 static/js/21cm/config-utils.js
 create mode 100644 static/js/21cm/data-processing.js
 create mode 100644 static/js/21cm/ui-controller.js
 rename static/{ => js}/chart.js (100%)
 rename static/{ => js}/pako.min.js (100%)
To github.com:bkb3/hydrogen-observatory.git
   c271dda..0a296c2  main -> main
Moving to tomorrow's nested calendar directory...
🛰️ Initiating core background logging loop for 2026-09-12...
🔔 Midnight reached! Compressing data for 2026-09-12...
Committing full day's data and local directory changes for 2026-09-12...
[main e2f96e0] Auto daily spectrum upload and updates: 2026-09-12
 11 files changed, 583 insertions(+), 182 deletions(-)
 create mode 100644 2026/09/12/hydrogen.dat.gz
 create mode 100644 2026/09/12/scan.log.gz
To github.com:bkb3/hydrogen-observatory.git
   0a296c2..e2f96e0  main -> main
Moving to tomorrow's nested calendar directory...
🛰️ Initiating core background logging loop for 2026-09-13...
🔔 Midnight reached! Compressing data for 2026-09-13...
Committing full day's data and local directory changes for 2026-09-13...
[main fde452f] Auto daily spectrum upload and updates: 2026-09-13
 4 files changed, 16 insertions(+), 3 deletions(-)
 create mode 100644 2026/09/13/hydrogen.dat.gz
 create mode 100644 2026/09/13/scan.log.gz
To github.com:bkb3/hydrogen-observatory.git
   e2f96e0..fde452f  main -> main
Moving to tomorrow's nested calendar directory...
🛰️ Initiating core background logging loop for 2026-09-14...
Terminated
/mnt/usb_data/radio_astronomy/hydrogen/radio_telescope.sh: line 17: /mnt/usb_data/radio_astronomy/hydrogen/telescope_system.log: Permission denied
/mnt/usb_data/radio_astronomy/hydrogen/radio_telescope.sh: line 17: /mnt/usb_data/radio_astronomy/hydrogen/telescope_system.log: Permission denied
/mnt/usb_data/radio_astronomy/hydrogen/radio_telescope.sh: line 17: /mnt/usb_data/radio_astronomy/hydrogen/telescope_system.log: Permission denied
/mnt/usb_data/radio_astronomy/hydrogen/radio_telescope.sh: line 17: /mnt/usb_data/radio_astronomy/hydrogen/telescope_system.log: Permission denied
/mnt/usb_data/radio_astronomy/hydrogen/radio_telescope.sh: line 17: /mnt/usb_data/radio_astronomy/hydrogen/telescope_system.log: Permission denied
/mnt/usb_data/radio_astronomy/hydrogen/radio_telescope.sh: line 17: /mnt/usb_data/radio_astronomy/hydrogen/telescope_system.log: Permission denied
/mnt/usb_data/radio_astronomy/hydrogen/radio_telescope.sh: line 17: /mnt/usb_data/radio_astronomy/hydrogen/telescope_system.log: Permission denied
/mnt/usb_data/radio_astronomy/hydrogen/radio_telescope.sh: line 17: /mnt/usb_data/radio_astronomy/hydrogen/telescope_system.log: Permission denied
/mnt/usb_data/radio_astronomy/hydrogen/radio_telescope.sh: line 17: /mnt/usb_data/radio_astronomy/hydrogen/telescope_system.log: Permission denied
/mnt/usb_data/radio_astronomy/hydrogen/radio_telescope.sh: line 17: /mnt/usb_data/radio_astronomy/hydrogen/telescope_system.log: Permission denied
/mnt/usb_data/radio_astronomy/hydrogen/radio_telescope.sh: line 17: /mnt/usb_data/radio_astronomy/hydrogen/telescope_system.log: Permission denied
/mnt/usb_data/radio_astronomy/hydrogen/radio_telescope.sh: line 17: /mnt/usb_data/radio_astronomy/hydrogen/telescope_system.log: Permission denied
/mnt/usb_data/radio_astronomy/hydrogen/radio_telescope.sh: line 17: /mnt/usb_data/radio_astronomy/hydrogen/telescope_system.log: Permission denied
/mnt/usb_data/radio_astronomy/hydrogen/radio_telescope.sh: line 17: /mnt/usb_data/radio_astronomy/hydrogen/telescope_system.log: Permission denied
/mnt/usb_data/radio_astronomy/hydrogen/radio_telescope.sh: line 17: /mnt/usb_data/radio_astronomy/hydrogen/telescope_system.log: Permission denied
/mnt/usb_data/radio_astronomy/hydrogen/radio_telescope.sh: line 17: /mnt/usb_data/radio_astronomy/hydrogen/telescope_system.log: Permission denied
/mnt/usb_data/radio_astronomy/hydrogen/radio_telescope.sh: line 17: /mnt/usb_data/radio_astronomy/hydrogen/telescope_system.log: Permission denied
/mnt/usb_data/radio_astronomy/hydrogen/radio_telescope.sh: line 17: /mnt/usb_data/radio_astronomy/hydrogen/telescope_system.log: Permission denied
/mnt/usb_data/radio_astronomy/hydrogen/radio_telescope.sh: line 17: /mnt/usb_data/radio_astronomy/hydrogen/telescope_system.log: Permission denied
/mnt/usb_data/radio_astronomy/hydrogen/radio_telescope.sh: line 17: /mnt/usb_data/radio_astronomy/hydrogen/telescope_system.log: Permission denied
/mnt/usb_data/radio_astronomy/hydrogen/radio_telescope.sh: line 17: /mnt/usb_data/radio_astronomy/hydrogen/telescope_system.log: Permission denied
/mnt/usb_data/radio_astronomy/hydrogen/radio_telescope.sh: line 17: /mnt/usb_data/radio_astronomy/hydrogen/telescope_system.log: Permission denied
/mnt/usb_data/radio_astronomy/hydrogen/radio_telescope.sh: line 17: /mnt/usb_data/radio_astronomy/hydrogen/telescope_system.log: Permission denied
/mnt/usb_data/radio_astronomy/hydrogen/radio_telescope.sh: line 17: /mnt/usb_data/radio_astronomy/hydrogen/telescope_system.log: Permission denied
/mnt/usb_data/radio_astronomy/hydrogen/radio_telescope.sh: line 17: /mnt/usb_data/radio_astronomy/hydrogen/telescope_system.log: Permission denied
/mnt/usb_data/radio_astronomy/hydrogen/radio_telescope.sh: line 17: /mnt/usb_data/radio_astronomy/hydrogen/telescope_system.log: Permission denied
/mnt/usb_data/radio_astronomy/hydrogen/radio_telescope.sh: line 17: /mnt/usb_data/radio_astronomy/hydrogen/telescope_system.log: Permission denied
/mnt/usb_data/radio_astronomy/hydrogen/radio_telescope.sh: line 17: /mnt/usb_data/radio_astronomy/hydrogen/telescope_system.log: Permission denied
/mnt/usb_data/radio_astronomy/hydrogen/radio_telescope.sh: line 17: /mnt/usb_data/radio_astronomy/hydrogen/telescope_system.log: Permission denied
/mnt/usb_data/radio_astronomy/hydrogen/radio_telescope.sh: line 17: /mnt/usb_data/radio_astronomy/hydrogen/telescope_system.log: Permission denied
/mnt/usb_data/radio_astronomy/hydrogen/radio_telescope.sh: line 17: /mnt/usb_data/radio_astronomy/hydrogen/telescope_system.log: Permission denied
/mnt/usb_data/radio_astronomy/hydrogen/radio_telescope.sh: line 17: /mnt/usb_data/radio_astronomy/hydrogen/telescope_system.log: Permission denied
/mnt/usb_data/radio_astronomy/hydrogen/radio_telescope.sh: line 17: /mnt/usb_data/radio_astronomy/hydrogen/telescope_system.log: Permission denied
/mnt/usb_data/radio_astronomy/hydrogen/radio_telescope.sh: line 17: /mnt/usb_data/radio_astronomy/hydrogen/telescope_system.log: Permission denied
/mnt/usb_data/radio_astronomy/hydrogen/radio_telescope.sh: line 17: /mnt/usb_data/radio_astronomy/hydrogen/telescope_system.log: Permission denied
/mnt/usb_data/radio_astronomy/hydrogen/radio_telescope.sh: line 17: /mnt/usb_data/radio_astronomy/hydrogen/telescope_system.log: Permission denied
/mnt/usb_data/radio_astronomy/hydrogen/radio_telescope.sh: line 17: /mnt/usb_data/radio_astronomy/hydrogen/telescope_system.log: Permission denied
/mnt/usb_data/radio_astronomy/hydrogen/radio_telescope.sh: line 17: /mnt/usb_data/radio_astronomy/hydrogen/telescope_system.log: Permission denied
/mnt/usb_data/radio_astronomy/hydrogen/radio_telescope.sh: line 17: /mnt/usb_data/radio_astronomy/hydrogen/telescope_system.log: Permission denied
/mnt/usb_data/radio_astronomy/hydrogen/radio_telescope.sh: line 17: /mnt/usb_data/radio_astronomy/hydrogen/telescope_system.log: Permission denied
/mnt/usb_data/radio_astronomy/hydrogen/radio_telescope.sh: line 17: /mnt/usb_data/radio_astronomy/hydrogen/telescope_system.log: Permission denied
/mnt/usb_data/radio_astronomy/hydrogen/radio_telescope.sh: line 17: /mnt/usb_data/radio_astronomy/hydrogen/telescope_system.log: Permission denied
/mnt/usb_data/radio_astronomy/hydrogen/radio_telescope.sh: line 17: /mnt/usb_data/radio_astronomy/hydrogen/telescope_system.log: Permission denied
/mnt/usb_data/radio_astronomy/hydrogen/radio_telescope.sh: line 17: /mnt/usb_data/radio_astronomy/hydrogen/telescope_system.log: Permission denied
/mnt/usb_data/radio_astronomy/hydrogen/radio_telescope.sh: line 17: /mnt/usb_data/radio_astronomy/hydrogen/telescope_system.log: Permission denied
/mnt/usb_data/radio_astronomy/hydrogen/radio_telescope.sh: line 17: /mnt/usb_data/radio_astronomy/hydrogen/telescope_system.log: Permission denied
/mnt/usb_data/radio_astronomy/hydrogen/radio_telescope.sh: line 17: /mnt/usb_data/radio_astronomy/hydrogen/telescope_system.log: Permission denied
/mnt/usb_data/radio_astronomy/hydrogen/radio_telescope.sh: line 17: /mnt/usb_data/radio_astronomy/hydrogen/telescope_system.log: Permission denied
/mnt/usb_data/radio_astronomy/hydrogen/radio_telescope.sh: line 17: /mnt/usb_data/radio_astronomy/hydrogen/telescope_system.log: Permission denied
/mnt/usb_data/radio_astronomy/hydrogen/radio_telescope.sh: line 17: /mnt/usb_data/radio_astronomy/hydrogen/telescope_system.log: Permission denied
✅ Found Target SDR at Index: 0
🌌 Initializing Hydrogen Line Automated USB Observatory Control Loop...
🛰️ Initiating core background logging loop for 2026-09-14...
Terminated
/mnt/usb_data/radio_astronomy/hydrogen/radio_telescope.sh: line 17: /mnt/usb_data/radio_astronomy/hydrogen/telescope_system.log: Permission denied
/mnt/usb_data/radio_astronomy/hydrogen/radio_telescope.sh: line 17: /mnt/usb_data/radio_astronomy/hydrogen/telescope_system.log: Permission denied
/mnt/usb_data/radio_astronomy/hydrogen/radio_telescope.sh: line 17: /mnt/usb_data/radio_astronomy/hydrogen/telescope_system.log: Permission denied
/mnt/usb_data/radio_astronomy/hydrogen/radio_telescope.sh: line 17: /mnt/usb_data/radio_astronomy/hydrogen/telescope_system.log: Permission denied
/mnt/usb_data/radio_astronomy/hydrogen/radio_telescope.sh: line 17: /mnt/usb_data/radio_astronomy/hydrogen/telescope_system.log: Permission denied
/mnt/usb_data/radio_astronomy/hydrogen/radio_telescope.sh: line 17: /mnt/usb_data/radio_astronomy/hydrogen/telescope_system.log: Permission denied
/mnt/usb_data/radio_astronomy/hydrogen/radio_telescope.sh: line 17: /mnt/usb_data/radio_astronomy/hydrogen/telescope_system.log: Permission denied
/mnt/usb_data/radio_astronomy/hydrogen/radio_telescope.sh: line 17: /mnt/usb_data/radio_astronomy/hydrogen/telescope_system.log: Permission denied
/mnt/usb_data/radio_astronomy/hydrogen/radio_telescope.sh: line 17: /mnt/usb_data/radio_astronomy/hydrogen/telescope_system.log: Permission denied
/mnt/usb_data/radio_astronomy/hydrogen/radio_telescope.sh: line 17: /mnt/usb_data/radio_astronomy/hydrogen/telescope_system.log: Permission denied
/mnt/usb_data/radio_astronomy/hydrogen/radio_telescope.sh: line 17: /mnt/usb_data/radio_astronomy/hydrogen/telescope_system.log: Permission denied
/mnt/usb_data/radio_astronomy/hydrogen/radio_telescope.sh: line 17: /mnt/usb_data/radio_astronomy/hydrogen/telescope_system.log: Permission denied
/mnt/usb_data/radio_astronomy/hydrogen/radio_telescope.sh: line 17: /mnt/usb_data/radio_astronomy/hydrogen/telescope_system.log: Permission denied
/mnt/usb_data/radio_astronomy/hydrogen/radio_telescope.sh: line 17: /mnt/usb_data/radio_astronomy/hydrogen/telescope_system.log: Permission denied
/mnt/usb_data/radio_astronomy/hydrogen/radio_telescope.sh: line 17: /mnt/usb_data/radio_astronomy/hydrogen/telescope_system.log: Permission denied
/mnt/usb_data/radio_astronomy/hydrogen/radio_telescope.sh: line 17: /mnt/usb_data/radio_astronomy/hydrogen/telescope_system.log: Permission denied
/mnt/usb_data/radio_astronomy/hydrogen/radio_telescope.sh: line 17: /mnt/usb_data/radio_astronomy/hydrogen/telescope_system.log: Permission denied
/mnt/usb_data/radio_astronomy/hydrogen/radio_telescope.sh: line 17: /mnt/usb_data/radio_astronomy/hydrogen/telescope_system.log: Permission denied
/mnt/usb_data/radio_astronomy/hydrogen/radio_telescope.sh: line 17: /mnt/usb_data/radio_astronomy/hydrogen/telescope_system.log: Permission denied
/mnt/usb_data/radio_astronomy/hydrogen/radio_telescope.sh: line 17: /mnt/usb_data/radio_astronomy/hydrogen/telescope_system.log: Permission denied
/mnt/usb_data/radio_astronomy/hydrogen/radio_telescope.sh: line 17: /mnt/usb_data/radio_astronomy/hydrogen/telescope_system.log: Permission denied
/mnt/usb_data/radio_astronomy/hydrogen/radio_telescope.sh: line 17: /mnt/usb_data/radio_astronomy/hydrogen/telescope_system.log: Permission denied
/mnt/usb_data/radio_astronomy/hydrogen/radio_telescope.sh: line 17: /mnt/usb_data/radio_astronomy/hydrogen/telescope_system.log: Permission denied
/mnt/usb_data/radio_astronomy/hydrogen/radio_telescope.sh: line 17: /mnt/usb_data/radio_astronomy/hydrogen/telescope_system.log: Permission denied
/mnt/usb_data/radio_astronomy/hydrogen/radio_telescope.sh: line 17: /mnt/usb_data/radio_astronomy/hydrogen/telescope_system.log: Permission denied
/mnt/usb_data/radio_astronomy/hydrogen/radio_telescope.sh: line 17: /mnt/usb_data/radio_astronomy/hydrogen/telescope_system.log: Permission denied
/mnt/usb_data/radio_astronomy/hydrogen/radio_telescope.sh: line 17: /mnt/usb_data/radio_astronomy/hydrogen/telescope_system.log: Permission denied
/mnt/usb_data/radio_astronomy/hydrogen/radio_telescope.sh: line 17: /mnt/usb_data/radio_astronomy/hydrogen/telescope_system.log: Permission denied
/mnt/usb_data/radio_astronomy/hydrogen/radio_telescope.sh: line 17: /mnt/usb_data/radio_astronomy/hydrogen/telescope_system.log: Permission denied
/mnt/usb_data/radio_astronomy/hydrogen/radio_telescope.sh: line 17: /mnt/usb_data/radio_astronomy/hydrogen/telescope_system.log: Permission denied
/mnt/usb_data/radio_astronomy/hydrogen/radio_telescope.sh: line 17: /mnt/usb_data/radio_astronomy/hydrogen/telescope_system.log: Permission denied
/mnt/usb_data/radio_astronomy/hydrogen/radio_telescope.sh: line 17: /mnt/usb_data/radio_astronomy/hydrogen/telescope_system.log: Permission denied
/mnt/usb_data/radio_astronomy/hydrogen/radio_telescope.sh: line 17: /mnt/usb_data/radio_astronomy/hydrogen/telescope_system.log: Permission denied
/mnt/usb_data/radio_astronomy/hydrogen/radio_telescope.sh: line 17: /mnt/usb_data/radio_astronomy/hydrogen/telescope_system.log: Permission denied
/mnt/usb_data/radio_astronomy/hydrogen/radio_telescope.sh: line 17: /mnt/usb_data/radio_astronomy/hydrogen/telescope_system.log: Permission denied
/mnt/usb_data/radio_astronomy/hydrogen/radio_telescope.sh: line 17: /mnt/usb_data/radio_astronomy/hydrogen/telescope_system.log: Permission denied
/mnt/usb_data/radio_astronomy/hydrogen/radio_telescope.sh: line 17: /mnt/usb_data/radio_astronomy/hydrogen/telescope_system.log: Permission denied
/mnt/usb_data/radio_astronomy/hydrogen/radio_telescope.sh: line 17: /mnt/usb_data/radio_astronomy/hydrogen/telescope_system.log: Permission denied
/mnt/usb_data/radio_astronomy/hydrogen/radio_telescope.sh: line 17: /mnt/usb_data/radio_astronomy/hydrogen/telescope_system.log: Permission denied
/mnt/usb_data/radio_astronomy/hydrogen/radio_telescope.sh: line 17: /mnt/usb_data/radio_astronomy/hydrogen/telescope_system.log: Permission denied
/mnt/usb_data/radio_astronomy/hydrogen/radio_telescope.sh: line 17: /mnt/usb_data/radio_astronomy/hydrogen/telescope_system.log: Permission denied
/mnt/usb_data/radio_astronomy/hydrogen/radio_telescope.sh: line 17: /mnt/usb_data/radio_astronomy/hydrogen/telescope_system.log: Permission denied
/mnt/usb_data/radio_astronomy/hydrogen/radio_telescope.sh: line 17: /mnt/usb_data/radio_astronomy/hydrogen/telescope_system.log: Permission denied
/mnt/usb_data/radio_astronomy/hydrogen/radio_telescope.sh: line 17: /mnt/usb_data/radio_astronomy/hydrogen/telescope_system.log: Permission denied
/mnt/usb_data/radio_astronomy/hydrogen/radio_telescope.sh: line 17: /mnt/usb_data/radio_astronomy/hydrogen/telescope_system.log: Permission denied
/mnt/usb_data/radio_astronomy/hydrogen/radio_telescope.sh: line 17: /mnt/usb_data/radio_astronomy/hydrogen/telescope_system.log: Permission denied
/mnt/usb_data/radio_astronomy/hydrogen/radio_telescope.sh: line 17: /mnt/usb_data/radio_astronomy/hydrogen/telescope_system.log: Permission denied
/mnt/usb_data/radio_astronomy/hydrogen/radio_telescope.sh: line 17: /mnt/usb_data/radio_astronomy/hydrogen/telescope_system.log: Permission denied
/mnt/usb_data/radio_astronomy/hydrogen/radio_telescope.sh: line 17: /mnt/usb_data/radio_astronomy/hydrogen/telescope_system.log: Permission denied
/mnt/usb_data/radio_astronomy/hydrogen/radio_telescope.sh: line 17: /mnt/usb_data/radio_astronomy/hydrogen/telescope_system.log: Permission denied
/mnt/usb_data/radio_astronomy/hydrogen/radio_telescope.sh: line 17: /mnt/usb_data/radio_astronomy/hydrogen/telescope_system.log: Permission denied
/mnt/usb_data/radio_astronomy/hydrogen/radio_telescope.sh: line 17: /mnt/usb_data/radio_astronomy/hydrogen/telescope_system.log: Permission denied
/mnt/usb_data/radio_astronomy/hydrogen/radio_telescope.sh: line 17: /mnt/usb_data/radio_astronomy/hydrogen/telescope_system.log: Permission denied
/mnt/usb_data/radio_astronomy/hydrogen/radio_telescope.sh: line 17: /mnt/usb_data/radio_astronomy/hydrogen/telescope_system.log: Permission denied
/mnt/usb_data/radio_astronomy/hydrogen/radio_telescope.sh: line 17: /mnt/usb_data/radio_astronomy/hydrogen/telescope_system.log: Permission denied
/mnt/usb_data/radio_astronomy/hydrogen/radio_telescope.sh: line 17: /mnt/usb_data/radio_astronomy/hydrogen/telescope_system.log: Permission denied
/mnt/usb_data/radio_astronomy/hydrogen/radio_telescope.sh: line 17: /mnt/usb_data/radio_astronomy/hydrogen/telescope_system.log: Permission denied
/mnt/usb_data/radio_astronomy/hydrogen/radio_telescope.sh: line 17: /mnt/usb_data/radio_astronomy/hydrogen/telescope_system.log: Permission denied
/mnt/usb_data/radio_astronomy/hydrogen/radio_telescope.sh: line 17: /mnt/usb_data/radio_astronomy/hydrogen/telescope_system.log: Permission denied
/mnt/usb_data/radio_astronomy/hydrogen/radio_telescope.sh: line 17: /mnt/usb_data/radio_astronomy/hydrogen/telescope_system.log: Permission denied
/mnt/usb_data/radio_astronomy/hydrogen/radio_telescope.sh: line 17: /mnt/usb_data/radio_astronomy/hydrogen/telescope_system.log: Permission denied
/mnt/usb_data/radio_astronomy/hydrogen/radio_telescope.sh: line 17: /mnt/usb_data/radio_astronomy/hydrogen/telescope_system.log: Permission denied
/mnt/usb_data/radio_astronomy/hydrogen/radio_telescope.sh: line 17: /mnt/usb_data/radio_astronomy/hydrogen/telescope_system.log: Permission denied
/mnt/usb_data/radio_astronomy/hydrogen/radio_telescope.sh: line 17: /mnt/usb_data/radio_astronomy/hydrogen/telescope_system.log: Permission denied
/mnt/usb_data/radio_astronomy/hydrogen/radio_telescope.sh: line 17: /mnt/usb_data/radio_astronomy/hydrogen/telescope_system.log: Permission denied
/mnt/usb_data/radio_astronomy/hydrogen/radio_telescope.sh: line 17: /mnt/usb_data/radio_astronomy/hydrogen/telescope_system.log: Permission denied
/mnt/usb_data/radio_astronomy/hydrogen/radio_telescope.sh: line 17: /mnt/usb_data/radio_astronomy/hydrogen/telescope_system.log: Permission denied
/mnt/usb_data/radio_astronomy/hydrogen/radio_telescope.sh: line 17: /mnt/usb_data/radio_astronomy/hydrogen/telescope_system.log: Permission denied
/mnt/usb_data/radio_astronomy/hydrogen/radio_telescope.sh: line 17: /mnt/usb_data/radio_astronomy/hydrogen/telescope_system.log: Permission denied
/mnt/usb_data/radio_astronomy/hydrogen/radio_telescope.sh: line 17: /mnt/usb_data/radio_astronomy/hydrogen/telescope_system.log: Permission denied
/mnt/usb_data/radio_astronomy/hydrogen/radio_telescope.sh: line 17: /mnt/usb_data/radio_astronomy/hydrogen/telescope_system.log: Permission denied
/mnt/usb_data/radio_astronomy/hydrogen/radio_telescope.sh: line 17: /mnt/usb_data/radio_astronomy/hydrogen/telescope_system.log: Permission denied
/mnt/usb_data/radio_astronomy/hydrogen/radio_telescope.sh: line 17: /mnt/usb_data/radio_astronomy/hydrogen/telescope_system.log: Permission denied
/mnt/usb_data/radio_astronomy/hydrogen/radio_telescope.sh: line 17: /mnt/usb_data/radio_astronomy/hydrogen/telescope_system.log: Permission denied
/mnt/usb_data/radio_astronomy/hydrogen/radio_telescope.sh: line 17: /mnt/usb_data/radio_astronomy/hydrogen/telescope_system.log: Permission denied
/mnt/usb_data/radio_astronomy/hydrogen/radio_telescope.sh: line 17: /mnt/usb_data/radio_astronomy/hydrogen/telescope_system.log: Permission denied
/mnt/usb_data/radio_astronomy/hydrogen/radio_telescope.sh: line 17: /mnt/usb_data/radio_astronomy/hydrogen/telescope_system.log: Permission denied
/mnt/usb_data/radio_astronomy/hydrogen/radio_telescope.sh: line 17: /mnt/usb_data/radio_astronomy/hydrogen/telescope_system.log: Permission denied
/mnt/usb_data/radio_astronomy/hydrogen/radio_telescope.sh: line 17: /mnt/usb_data/radio_astronomy/hydrogen/telescope_system.log: Permission denied
/mnt/usb_data/radio_astronomy/hydrogen/radio_telescope.sh: line 17: /mnt/usb_data/radio_astronomy/hydrogen/telescope_system.log: Permission denied
/mnt/usb_data/radio_astronomy/hydrogen/radio_telescope.sh: line 17: /mnt/usb_data/radio_astronomy/hydrogen/telescope_system.log: Permission denied
/mnt/usb_data/radio_astronomy/hydrogen/radio_telescope.sh: line 17: /mnt/usb_data/radio_astronomy/hydrogen/telescope_system.log: Permission denied
/mnt/usb_data/radio_astronomy/hydrogen/radio_telescope.sh: line 17: /mnt/usb_data/radio_astronomy/hydrogen/telescope_system.log: Permission denied
/mnt/usb_data/radio_astronomy/hydrogen/radio_telescope.sh: line 17: /mnt/usb_data/radio_astronomy/hydrogen/telescope_system.log: Permission denied
/mnt/usb_data/radio_astronomy/hydrogen/radio_telescope.sh: line 17: /mnt/usb_data/radio_astronomy/hydrogen/telescope_system.log: Permission denied
/mnt/usb_data/radio_astronomy/hydrogen/radio_telescope.sh: line 17: /mnt/usb_data/radio_astronomy/hydrogen/telescope_system.log: Permission denied
/mnt/usb_data/radio_astronomy/hydrogen/radio_telescope.sh: line 17: /mnt/usb_data/radio_astronomy/hydrogen/telescope_system.log: Permission denied
/mnt/usb_data/radio_astronomy/hydrogen/radio_telescope.sh: line 17: /mnt/usb_data/radio_astronomy/hydrogen/telescope_system.log: Permission denied
/mnt/usb_data/radio_astronomy/hydrogen/radio_telescope.sh: line 17: /mnt/usb_data/radio_astronomy/hydrogen/telescope_system.log: Permission denied
/mnt/usb_data/radio_astronomy/hydrogen/radio_telescope.sh: line 17: /mnt/usb_data/radio_astronomy/hydrogen/telescope_system.log: Permission denied
/mnt/usb_data/radio_astronomy/hydrogen/radio_telescope.sh: line 17: /mnt/usb_data/radio_astronomy/hydrogen/telescope_system.log: Permission denied
/mnt/usb_data/radio_astronomy/hydrogen/radio_telescope.sh: line 17: /mnt/usb_data/radio_astronomy/hydrogen/telescope_system.log: Permission denied
/mnt/usb_data/radio_astronomy/hydrogen/radio_telescope.sh: line 17: /mnt/usb_data/radio_astronomy/hydrogen/telescope_system.log: Permission denied
/mnt/usb_data/radio_astronomy/hydrogen/radio_telescope.sh: line 17: /mnt/usb_data/radio_astronomy/hydrogen/telescope_system.log: Permission denied
/mnt/usb_data/radio_astronomy/hydrogen/radio_telescope.sh: line 17: /mnt/usb_data/radio_astronomy/hydrogen/telescope_system.log: Permission denied
/mnt/usb_data/radio_astronomy/hydrogen/radio_telescope.sh: line 17: /mnt/usb_data/radio_astronomy/hydrogen/telescope_system.log: Permission denied
/mnt/usb_data/radio_astronomy/hydrogen/radio_telescope.sh: line 17: /mnt/usb_data/radio_astronomy/hydrogen/telescope_system.log: Permission denied
/mnt/usb_data/radio_astronomy/hydrogen/radio_telescope.sh: line 17: /mnt/usb_data/radio_astronomy/hydrogen/telescope_system.log: Permission denied
/mnt/usb_data/radio_astronomy/hydrogen/radio_telescope.sh: line 17: /mnt/usb_data/radio_astronomy/hydrogen/telescope_system.log: Permission denied
/mnt/usb_data/radio_astronomy/hydrogen/radio_telescope.sh: line 17: /mnt/usb_data/radio_astronomy/hydrogen/telescope_system.log: Permission denied
/mnt/usb_data/radio_astronomy/hydrogen/radio_telescope.sh: line 17: /mnt/usb_data/radio_astronomy/hydrogen/telescope_system.log: Permission denied
/mnt/usb_data/radio_astronomy/hydrogen/radio_telescope.sh: line 17: /mnt/usb_data/radio_astronomy/hydrogen/telescope_system.log: Permission denied
/mnt/usb_data/radio_astronomy/hydrogen/radio_telescope.sh: line 17: /mnt/usb_data/radio_astronomy/hydrogen/telescope_system.log: Permission denied
/mnt/usb_data/radio_astronomy/hydrogen/radio_telescope.sh: line 17: /mnt/usb_data/radio_astronomy/hydrogen/telescope_system.log: Permission denied
/mnt/usb_data/radio_astronomy/hydrogen/radio_telescope.sh: line 17: /mnt/usb_data/radio_astronomy/hydrogen/telescope_system.log: Permission denied
/mnt/usb_data/radio_astronomy/hydrogen/radio_telescope.sh: line 17: /mnt/usb_data/radio_astronomy/hydrogen/telescope_system.log: Permission denied
/mnt/usb_data/radio_astronomy/hydrogen/radio_telescope.sh: line 17: /mnt/usb_data/radio_astronomy/hydrogen/telescope_system.log: Permission denied
/mnt/usb_data/radio_astronomy/hydrogen/radio_telescope.sh: line 17: /mnt/usb_data/radio_astronomy/hydrogen/telescope_system.log: Permission denied
/mnt/usb_data/radio_astronomy/hydrogen/radio_telescope.sh: line 17: /mnt/usb_data/radio_astronomy/hydrogen/telescope_system.log: Permission denied
/mnt/usb_data/radio_astronomy/hydrogen/radio_telescope.sh: line 17: /mnt/usb_data/radio_astronomy/hydrogen/telescope_system.log: Permission denied
/mnt/usb_data/radio_astronomy/hydrogen/radio_telescope.sh: line 17: /mnt/usb_data/radio_astronomy/hydrogen/telescope_system.log: Permission denied
/mnt/usb_data/radio_astronomy/hydrogen/radio_telescope.sh: line 17: /mnt/usb_data/radio_astronomy/hydrogen/telescope_system.log: Permission denied
/mnt/usb_data/radio_astronomy/hydrogen/radio_telescope.sh: line 17: /mnt/usb_data/radio_astronomy/hydrogen/telescope_system.log: Permission denied
/mnt/usb_data/radio_astronomy/hydrogen/radio_telescope.sh: line 17: /mnt/usb_data/radio_astronomy/hydrogen/telescope_system.log: Permission denied
/mnt/usb_data/radio_astronomy/hydrogen/radio_telescope.sh: line 17: /mnt/usb_data/radio_astronomy/hydrogen/telescope_system.log: Permission denied
/mnt/usb_data/radio_astronomy/hydrogen/radio_telescope.sh: line 17: /mnt/usb_data/radio_astronomy/hydrogen/telescope_system.log: Permission denied
/mnt/usb_data/radio_astronomy/hydrogen/radio_telescope.sh: line 17: /mnt/usb_data/radio_astronomy/hydrogen/telescope_system.log: Permission denied
/mnt/usb_data/radio_astronomy/hydrogen/radio_telescope.sh: line 17: /mnt/usb_data/radio_astronomy/hydrogen/telescope_system.log: Permission denied
/mnt/usb_data/radio_astronomy/hydrogen/radio_telescope.sh: line 17: /mnt/usb_data/radio_astronomy/hydrogen/telescope_system.log: Permission denied
/mnt/usb_data/radio_astronomy/hydrogen/radio_telescope.sh: line 17: /mnt/usb_data/radio_astronomy/hydrogen/telescope_system.log: Permission denied
/mnt/usb_data/radio_astronomy/hydrogen/radio_telescope.sh: line 17: /mnt/usb_data/radio_astronomy/hydrogen/telescope_system.log: Permission denied
/mnt/usb_data/radio_astronomy/hydrogen/radio_telescope.sh: line 17: /mnt/usb_data/radio_astronomy/hydrogen/telescope_system.log: Permission denied
/mnt/usb_data/radio_astronomy/hydrogen/radio_telescope.sh: line 17: /mnt/usb_data/radio_astronomy/hydrogen/telescope_system.log: Permission denied
/mnt/usb_data/radio_astronomy/hydrogen/radio_telescope.sh: line 17: /mnt/usb_data/radio_astronomy/hydrogen/telescope_system.log: Permission denied
/mnt/usb_data/radio_astronomy/hydrogen/radio_telescope.sh: line 17: /mnt/usb_data/radio_astronomy/hydrogen/telescope_system.log: Permission denied
/mnt/usb_data/radio_astronomy/hydrogen/radio_telescope.sh: line 17: /mnt/usb_data/radio_astronomy/hydrogen/telescope_system.log: Permission denied
/mnt/usb_data/radio_astronomy/hydrogen/radio_telescope.sh: line 17: /mnt/usb_data/radio_astronomy/hydrogen/telescope_system.log: Permission denied
/mnt/usb_data/radio_astronomy/hydrogen/radio_telescope.sh: line 17: /mnt/usb_data/radio_astronomy/hydrogen/telescope_system.log: Permission denied
/mnt/usb_data/radio_astronomy/hydrogen/radio_telescope.sh: line 17: /mnt/usb_data/radio_astronomy/hydrogen/telescope_system.log: Permission denied
/mnt/usb_data/radio_astronomy/hydrogen/radio_telescope.sh: line 17: /mnt/usb_data/radio_astronomy/hydrogen/telescope_system.log: Permission denied
/mnt/usb_data/radio_astronomy/hydrogen/radio_telescope.sh: line 17: /mnt/usb_data/radio_astronomy/hydrogen/telescope_system.log: Permission denied
/mnt/usb_data/radio_astronomy/hydrogen/radio_telescope.sh: line 17: /mnt/usb_data/radio_astronomy/hydrogen/telescope_system.log: Permission denied
/mnt/usb_data/radio_astronomy/hydrogen/radio_telescope.sh: line 17: /mnt/usb_data/radio_astronomy/hydrogen/telescope_system.log: Permission denied
/mnt/usb_data/radio_astronomy/hydrogen/radio_telescope.sh: line 17: /mnt/usb_data/radio_astronomy/hydrogen/telescope_system.log: Permission denied
/mnt/usb_data/radio_astronomy/hydrogen/radio_telescope.sh: line 17: /mnt/usb_data/radio_astronomy/hydrogen/telescope_system.log: Permission denied
/mnt/usb_data/radio_astronomy/hydrogen/radio_telescope.sh: line 17: /mnt/usb_data/radio_astronomy/hydrogen/telescope_system.log: Permission denied
/mnt/usb_data/radio_astronomy/hydrogen/radio_telescope.sh: line 17: /mnt/usb_data/radio_astronomy/hydrogen/telescope_system.log: Permission denied
/mnt/usb_data/radio_astronomy/hydrogen/radio_telescope.sh: line 17: /mnt/usb_data/radio_astronomy/hydrogen/telescope_system.log: Permission denied
/mnt/usb_data/radio_astronomy/hydrogen/radio_telescope.sh: line 17: /mnt/usb_data/radio_astronomy/hydrogen/telescope_system.log: Permission denied
/mnt/usb_data/radio_astronomy/hydrogen/radio_telescope.sh: line 17: /mnt/usb_data/radio_astronomy/hydrogen/telescope_system.log: Permission denied
/mnt/usb_data/radio_astronomy/hydrogen/radio_telescope.sh: line 17: /mnt/usb_data/radio_astronomy/hydrogen/telescope_system.log: Permission denied
/mnt/usb_data/radio_astronomy/hydrogen/radio_telescope.sh: line 17: /mnt/usb_data/radio_astronomy/hydrogen/telescope_system.log: Permission denied
/mnt/usb_data/radio_astronomy/hydrogen/radio_telescope.sh: line 17: /mnt/usb_data/radio_astronomy/hydrogen/telescope_system.log: Permission denied
/mnt/usb_data/radio_astronomy/hydrogen/radio_telescope.sh: line 17: /mnt/usb_data/radio_astronomy/hydrogen/telescope_system.log: Permission denied
/mnt/usb_data/radio_astronomy/hydrogen/radio_telescope.sh: line 17: /mnt/usb_data/radio_astronomy/hydrogen/telescope_system.log: Permission denied
/mnt/usb_data/radio_astronomy/hydrogen/radio_telescope.sh: line 17: /mnt/usb_data/radio_astronomy/hydrogen/telescope_system.log: Permission denied
/mnt/usb_data/radio_astronomy/hydrogen/radio_telescope.sh: line 17: /mnt/usb_data/radio_astronomy/hydrogen/telescope_system.log: Permission denied
/mnt/usb_data/radio_astronomy/hydrogen/radio_telescope.sh: line 17: /mnt/usb_data/radio_astronomy/hydrogen/telescope_system.log: Permission denied
/mnt/usb_data/radio_astronomy/hydrogen/radio_telescope.sh: line 17: /mnt/usb_data/radio_astronomy/hydrogen/telescope_system.log: Permission denied
/mnt/usb_data/radio_astronomy/hydrogen/radio_telescope.sh: line 17: /mnt/usb_data/radio_astronomy/hydrogen/telescope_system.log: Permission denied
/mnt/usb_data/radio_astronomy/hydrogen/radio_telescope.sh: line 17: /mnt/usb_data/radio_astronomy/hydrogen/telescope_system.log: Permission denied
/mnt/usb_data/radio_astronomy/hydrogen/radio_telescope.sh: line 17: /mnt/usb_data/radio_astronomy/hydrogen/telescope_system.log: Permission denied
/mnt/usb_data/radio_astronomy/hydrogen/radio_telescope.sh: line 17: /mnt/usb_data/radio_astronomy/hydrogen/telescope_system.log: Permission denied
/mnt/usb_data/radio_astronomy/hydrogen/radio_telescope.sh: line 17: /mnt/usb_data/radio_astronomy/hydrogen/telescope_system.log: Permission denied
/mnt/usb_data/radio_astronomy/hydrogen/radio_telescope.sh: line 17: /mnt/usb_data/radio_astronomy/hydrogen/telescope_system.log: Permission denied
/mnt/usb_data/radio_astronomy/hydrogen/radio_telescope.sh: line 17: /mnt/usb_data/radio_astronomy/hydrogen/telescope_system.log: Permission denied
/mnt/usb_data/radio_astronomy/hydrogen/radio_telescope.sh: line 17: /mnt/usb_data/radio_astronomy/hydrogen/telescope_system.log: Permission denied
/mnt/usb_data/radio_astronomy/hydrogen/radio_telescope.sh: line 17: /mnt/usb_data/radio_astronomy/hydrogen/telescope_system.log: Permission denied
/mnt/usb_data/radio_astronomy/hydrogen/radio_telescope.sh: line 17: /mnt/usb_data/radio_astronomy/hydrogen/telescope_system.log: Permission denied
/mnt/usb_data/radio_astronomy/hydrogen/radio_telescope.sh: line 17: /mnt/usb_data/radio_astronomy/hydrogen/telescope_system.log: Permission denied
/mnt/usb_data/radio_astronomy/hydrogen/radio_telescope.sh: line 17: /mnt/usb_data/radio_astronomy/hydrogen/telescope_system.log: Permission denied
/mnt/usb_data/radio_astronomy/hydrogen/radio_telescope.sh: line 17: /mnt/usb_data/radio_astronomy/hydrogen/telescope_system.log: Permission denied
/mnt/usb_data/radio_astronomy/hydrogen/radio_telescope.sh: line 17: /mnt/usb_data/radio_astronomy/hydrogen/telescope_system.log: Permission denied
✅ Found Target SDR at Index: 0
🌌 Initializing Hydrogen Line Automated USB Observatory Control Loop...
🛰️ Initiating core background logging loop for 2026-09-14...
Terminated
✅ Found Target SDR at Index: 0
🌌 Initializing Hydrogen Line Automated USB Observatory Control Loop...
🛰️ Initiating core background logging loop for 2026-09-14...
🔔 Midnight reached! Compressing data for 2026-09-14...
Committing full day's data and local directory changes for 2026-09-14...
[main 12456e6] Auto daily spectrum upload and updates: 2026-09-14
 3 files changed, 236 insertions(+)
 create mode 100644 2026/09/14/hydrogen.dat.gz
 create mode 100644 2026/09/14/scan.log.gz
To github.com:bkb3/hydrogen-observatory.git
   fde452f..12456e6  main -> main
Moving to tomorrow's nested calendar directory...
🛰️ Initiating core background logging loop for 2026-09-15...
🔔 Midnight reached! Compressing data for 2026-09-15...
Committing full day's data and local directory changes for 2026-09-15...
[main 6ee72bd] Auto daily spectrum upload and updates: 2026-09-15
 3 files changed, 11 insertions(+)
 create mode 100644 2026/09/15/hydrogen.dat.gz
 create mode 100644 2026/09/15/scan.log.gz
To github.com:bkb3/hydrogen-observatory.git
   12456e6..6ee72bd  main -> main
Moving to tomorrow's nested calendar directory...
🛰️ Initiating core background logging loop for 2026-09-16...
🔔 Midnight reached! Compressing data for 2026-09-16...
Committing full day's data and local directory changes for 2026-09-16...
[main c850ae8] Auto daily spectrum upload and updates: 2026-09-16
 3 files changed, 11 insertions(+)
 create mode 100644 2026/09/16/hydrogen.dat.gz
 create mode 100644 2026/09/16/scan.log.gz
To github.com:bkb3/hydrogen-observatory.git
   6ee72bd..c850ae8  main -> main
Moving to tomorrow's nested calendar directory...
🛰️ Initiating core background logging loop for 2026-09-17...
🔔 Midnight reached! Compressing data for 2026-09-17...
Committing full day's data and local directory changes for 2026-09-17...
[main 85b8697] Auto daily spectrum upload and updates: 2026-09-17
 5 files changed, 19 insertions(+), 7 deletions(-)
 create mode 100644 2026/09/17/hydrogen.dat.gz
 create mode 100644 2026/09/17/scan.log.gz
To github.com:bkb3/hydrogen-observatory.git
   c850ae8..85b8697  main -> main
Moving to tomorrow's nested calendar directory...
🛰️ Initiating core background logging loop for 2026-09-18...
🔔 Midnight reached! Compressing data for 2026-09-18...
Committing full day's data and local directory changes for 2026-09-18...
[main b64bed7] Auto daily spectrum upload and updates: 2026-09-18
 3 files changed, 11 insertions(+)
 create mode 100644 2026/09/18/hydrogen.dat.gz
 create mode 100644 2026/09/18/scan.log.gz
To github.com:bkb3/hydrogen-observatory.git
   85b8697..b64bed7  main -> main
Moving to tomorrow's nested calendar directory...
🛰️ Initiating core background logging loop for 2026-09-19...
/mnt/usb_data/radio_astronomy/hydrogen/radio_telescope.sh: line 17: /mnt/usb_data/radio_astronomy/hydrogen/telescope_system.log: Permission denied
/mnt/usb_data/radio_astronomy/hydrogen/radio_telescope.sh: line 17: /mnt/usb_data/radio_astronomy/hydrogen/telescope_system.log: Permission denied
/mnt/usb_data/radio_astronomy/hydrogen/radio_telescope.sh: line 17: /mnt/usb_data/radio_astronomy/hydrogen/telescope_system.log: Permission denied
/mnt/usb_data/radio_astronomy/hydrogen/radio_telescope.sh: line 17: /mnt/usb_data/radio_astronomy/hydrogen/telescope_system.log: Permission denied
/mnt/usb_data/radio_astronomy/hydrogen/radio_telescope.sh: line 17: /mnt/usb_data/radio_astronomy/hydrogen/telescope_system.log: Permission denied
/mnt/usb_data/radio_astronomy/hydrogen/radio_telescope.sh: line 17: /mnt/usb_data/radio_astronomy/hydrogen/telescope_system.log: Permission denied
/mnt/usb_data/radio_astronomy/hydrogen/radio_telescope.sh: line 17: /mnt/usb_data/radio_astronomy/hydrogen/telescope_system.log: Permission denied
/mnt/usb_data/radio_astronomy/hydrogen/radio_telescope.sh: line 17: /mnt/usb_data/radio_astronomy/hydrogen/telescope_system.log: Permission denied
/mnt/usb_data/radio_astronomy/hydrogen/radio_telescope.sh: line 17: /mnt/usb_data/radio_astronomy/hydrogen/telescope_system.log: Permission denied
/mnt/usb_data/radio_astronomy/hydrogen/radio_telescope.sh: line 17: /mnt/usb_data/radio_astronomy/hydrogen/telescope_system.log: Permission denied
/mnt/usb_data/radio_astronomy/hydrogen/radio_telescope.sh: line 17: /mnt/usb_data/radio_astronomy/hydrogen/telescope_system.log: Permission denied
/mnt/usb_data/radio_astronomy/hydrogen/radio_telescope.sh: line 17: /mnt/usb_data/radio_astronomy/hydrogen/telescope_system.log: Permission denied
/mnt/usb_data/radio_astronomy/hydrogen/radio_telescope.sh: line 17: /mnt/usb_data/radio_astronomy/hydrogen/telescope_system.log: Permission denied
/mnt/usb_data/radio_astronomy/hydrogen/radio_telescope.sh: line 17: /mnt/usb_data/radio_astronomy/hydrogen/telescope_system.log: Permission denied
/mnt/usb_data/radio_astronomy/hydrogen/radio_telescope.sh: line 17: /mnt/usb_data/radio_astronomy/hydrogen/telescope_system.log: Permission denied
/mnt/usb_data/radio_astronomy/hydrogen/radio_telescope.sh: line 17: /mnt/usb_data/radio_astronomy/hydrogen/telescope_system.log: Permission denied
/mnt/usb_data/radio_astronomy/hydrogen/radio_telescope.sh: line 17: /mnt/usb_data/radio_astronomy/hydrogen/telescope_system.log: Permission denied
/mnt/usb_data/radio_astronomy/hydrogen/radio_telescope.sh: line 17: /mnt/usb_data/radio_astronomy/hydrogen/telescope_system.log: Permission denied
/mnt/usb_data/radio_astronomy/hydrogen/radio_telescope.sh: line 17: /mnt/usb_data/radio_astronomy/hydrogen/telescope_system.log: Permission denied
/mnt/usb_data/radio_astronomy/hydrogen/radio_telescope.sh: line 17: /mnt/usb_data/radio_astronomy/hydrogen/telescope_system.log: Permission denied
/mnt/usb_data/radio_astronomy/hydrogen/radio_telescope.sh: line 17: /mnt/usb_data/radio_astronomy/hydrogen/telescope_system.log: Permission denied
/mnt/usb_data/radio_astronomy/hydrogen/radio_telescope.sh: line 17: /mnt/usb_data/radio_astronomy/hydrogen/telescope_system.log: Permission denied
/mnt/usb_data/radio_astronomy/hydrogen/radio_telescope.sh: line 17: /mnt/usb_data/radio_astronomy/hydrogen/telescope_system.log: Permission denied
/mnt/usb_data/radio_astronomy/hydrogen/radio_telescope.sh: line 17: /mnt/usb_data/radio_astronomy/hydrogen/telescope_system.log: Permission denied
/mnt/usb_data/radio_astronomy/hydrogen/radio_telescope.sh: line 17: /mnt/usb_data/radio_astronomy/hydrogen/telescope_system.log: Permission denied
/mnt/usb_data/radio_astronomy/hydrogen/radio_telescope.sh: line 17: /mnt/usb_data/radio_astronomy/hydrogen/telescope_system.log: Permission denied
/mnt/usb_data/radio_astronomy/hydrogen/radio_telescope.sh: line 17: /mnt/usb_data/radio_astronomy/hydrogen/telescope_system.log: Permission denied
/mnt/usb_data/radio_astronomy/hydrogen/radio_telescope.sh: line 17: /mnt/usb_data/radio_astronomy/hydrogen/telescope_system.log: Permission denied
/mnt/usb_data/radio_astronomy/hydrogen/radio_telescope.sh: line 17: /mnt/usb_data/radio_astronomy/hydrogen/telescope_system.log: Permission denied
/mnt/usb_data/radio_astronomy/hydrogen/radio_telescope.sh: line 17: /mnt/usb_data/radio_astronomy/hydrogen/telescope_system.log: Permission denied
/mnt/usb_data/radio_astronomy/hydrogen/radio_telescope.sh: line 17: /mnt/usb_data/radio_astronomy/hydrogen/telescope_system.log: Permission denied
/mnt/usb_data/radio_astronomy/hydrogen/radio_telescope.sh: line 17: /mnt/usb_data/radio_astronomy/hydrogen/telescope_system.log: Permission denied
/mnt/usb_data/radio_astronomy/hydrogen/radio_telescope.sh: line 17: /mnt/usb_data/radio_astronomy/hydrogen/telescope_system.log: Permission denied
/mnt/usb_data/radio_astronomy/hydrogen/radio_telescope.sh: line 17: /mnt/usb_data/radio_astronomy/hydrogen/telescope_system.log: Permission denied
/mnt/usb_data/radio_astronomy/hydrogen/radio_telescope.sh: line 17: /mnt/usb_data/radio_astronomy/hydrogen/telescope_system.log: Permission denied
/mnt/usb_data/radio_astronomy/hydrogen/radio_telescope.sh: line 17: /mnt/usb_data/radio_astronomy/hydrogen/telescope_system.log: Permission denied
/mnt/usb_data/radio_astronomy/hydrogen/radio_telescope.sh: line 17: /mnt/usb_data/radio_astronomy/hydrogen/telescope_system.log: Permission denied
/mnt/usb_data/radio_astronomy/hydrogen/radio_telescope.sh: line 17: /mnt/usb_data/radio_astronomy/hydrogen/telescope_system.log: Permission denied
/mnt/usb_data/radio_astronomy/hydrogen/radio_telescope.sh: line 17: /mnt/usb_data/radio_astronomy/hydrogen/telescope_system.log: Permission denied
/mnt/usb_data/radio_astronomy/hydrogen/radio_telescope.sh: line 17: /mnt/usb_data/radio_astronomy/hydrogen/telescope_system.log: Permission denied
/mnt/usb_data/radio_astronomy/hydrogen/radio_telescope.sh: line 17: /mnt/usb_data/radio_astronomy/hydrogen/telescope_system.log: Permission denied
/mnt/usb_data/radio_astronomy/hydrogen/radio_telescope.sh: line 17: /mnt/usb_data/radio_astronomy/hydrogen/telescope_system.log: Permission denied
/mnt/usb_data/radio_astronomy/hydrogen/radio_telescope.sh: line 17: /mnt/usb_data/radio_astronomy/hydrogen/telescope_system.log: Permission denied
/mnt/usb_data/radio_astronomy/hydrogen/radio_telescope.sh: line 17: /mnt/usb_data/radio_astronomy/hydrogen/telescope_system.log: Permission denied
/mnt/usb_data/radio_astronomy/hydrogen/radio_telescope.sh: line 17: /mnt/usb_data/radio_astronomy/hydrogen/telescope_system.log: Permission denied
/mnt/usb_data/radio_astronomy/hydrogen/radio_telescope.sh: line 17: /mnt/usb_data/radio_astronomy/hydrogen/telescope_system.log: Permission denied
/mnt/usb_data/radio_astronomy/hydrogen/radio_telescope.sh: line 17: /mnt/usb_data/radio_astronomy/hydrogen/telescope_system.log: Permission denied
/mnt/usb_data/radio_astronomy/hydrogen/radio_telescope.sh: line 17: /mnt/usb_data/radio_astronomy/hydrogen/telescope_system.log: Permission denied
/mnt/usb_data/radio_astronomy/hydrogen/radio_telescope.sh: line 17: /mnt/usb_data/radio_astronomy/hydrogen/telescope_system.log: Permission denied
/mnt/usb_data/radio_astronomy/hydrogen/radio_telescope.sh: line 17: /mnt/usb_data/radio_astronomy/hydrogen/telescope_system.log: Permission denied
/mnt/usb_data/radio_astronomy/hydrogen/radio_telescope.sh: line 17: /mnt/usb_data/radio_astronomy/hydrogen/telescope_system.log: Permission denied
/mnt/usb_data/radio_astronomy/hydrogen/radio_telescope.sh: line 17: /mnt/usb_data/radio_astronomy/hydrogen/telescope_system.log: Permission denied
/mnt/usb_data/radio_astronomy/hydrogen/radio_telescope.sh: line 17: /mnt/usb_data/radio_astronomy/hydrogen/telescope_system.log: Permission denied
/mnt/usb_data/radio_astronomy/hydrogen/radio_telescope.sh: line 17: /mnt/usb_data/radio_astronomy/hydrogen/telescope_system.log: Permission denied
/mnt/usb_data/radio_astronomy/hydrogen/radio_telescope.sh: line 17: /mnt/usb_data/radio_astronomy/hydrogen/telescope_system.log: Permission denied
/mnt/usb_data/radio_astronomy/hydrogen/radio_telescope.sh: line 17: /mnt/usb_data/radio_astronomy/hydrogen/telescope_system.log: Permission denied
/mnt/usb_data/radio_astronomy/hydrogen/radio_telescope.sh: line 17: /mnt/usb_data/radio_astronomy/hydrogen/telescope_system.log: Permission denied
/mnt/usb_data/radio_astronomy/hydrogen/radio_telescope.sh: line 17: /mnt/usb_data/radio_astronomy/hydrogen/telescope_system.log: Permission denied
/mnt/usb_data/radio_astronomy/hydrogen/radio_telescope.sh: line 17: /mnt/usb_data/radio_astronomy/hydrogen/telescope_system.log: Permission denied
/mnt/usb_data/radio_astronomy/hydrogen/radio_telescope.sh: line 17: /mnt/usb_data/radio_astronomy/hydrogen/telescope_system.log: Permission denied
/mnt/usb_data/radio_astronomy/hydrogen/radio_telescope.sh: line 17: /mnt/usb_data/radio_astronomy/hydrogen/telescope_system.log: Permission denied
/mnt/usb_data/radio_astronomy/hydrogen/radio_telescope.sh: line 17: /mnt/usb_data/radio_astronomy/hydrogen/telescope_system.log: Permission denied
/mnt/usb_data/radio_astronomy/hydrogen/radio_telescope.sh: line 17: /mnt/usb_data/radio_astronomy/hydrogen/telescope_system.log: Permission denied
/mnt/usb_data/radio_astronomy/hydrogen/radio_telescope.sh: line 17: /mnt/usb_data/radio_astronomy/hydrogen/telescope_system.log: Permission denied
/mnt/usb_data/radio_astronomy/hydrogen/radio_telescope.sh: line 17: /mnt/usb_data/radio_astronomy/hydrogen/telescope_system.log: Permission denied
/mnt/usb_data/radio_astronomy/hydrogen/radio_telescope.sh: line 17: /mnt/usb_data/radio_astronomy/hydrogen/telescope_system.log: Permission denied
/mnt/usb_data/radio_astronomy/hydrogen/radio_telescope.sh: line 17: /mnt/usb_data/radio_astronomy/hydrogen/telescope_system.log: Permission denied
/mnt/usb_data/radio_astronomy/hydrogen/radio_telescope.sh: line 17: /mnt/usb_data/radio_astronomy/hydrogen/telescope_system.log: Permission denied
/mnt/usb_data/radio_astronomy/hydrogen/radio_telescope.sh: line 17: /mnt/usb_data/radio_astronomy/hydrogen/telescope_system.log: Permission denied
/mnt/usb_data/radio_astronomy/hydrogen/radio_telescope.sh: line 17: /mnt/usb_data/radio_astronomy/hydrogen/telescope_system.log: Permission denied
/mnt/usb_data/radio_astronomy/hydrogen/radio_telescope.sh: line 17: /mnt/usb_data/radio_astronomy/hydrogen/telescope_system.log: Permission denied
/mnt/usb_data/radio_astronomy/hydrogen/radio_telescope.sh: line 17: /mnt/usb_data/radio_astronomy/hydrogen/telescope_system.log: Permission denied
/mnt/usb_data/radio_astronomy/hydrogen/radio_telescope.sh: line 17: /mnt/usb_data/radio_astronomy/hydrogen/telescope_system.log: Permission denied
/mnt/usb_data/radio_astronomy/hydrogen/radio_telescope.sh: line 17: /mnt/usb_data/radio_astronomy/hydrogen/telescope_system.log: Permission denied
/mnt/usb_data/radio_astronomy/hydrogen/radio_telescope.sh: line 17: /mnt/usb_data/radio_astronomy/hydrogen/telescope_system.log: Permission denied
/mnt/usb_data/radio_astronomy/hydrogen/radio_telescope.sh: line 17: /mnt/usb_data/radio_astronomy/hydrogen/telescope_system.log: Permission denied
/mnt/usb_data/radio_astronomy/hydrogen/radio_telescope.sh: line 17: /mnt/usb_data/radio_astronomy/hydrogen/telescope_system.log: Permission denied
/mnt/usb_data/radio_astronomy/hydrogen/radio_telescope.sh: line 17: /mnt/usb_data/radio_astronomy/hydrogen/telescope_system.log: Permission denied
/mnt/usb_data/radio_astronomy/hydrogen/radio_telescope.sh: line 17: /mnt/usb_data/radio_astronomy/hydrogen/telescope_system.log: Permission denied
/mnt/usb_data/radio_astronomy/hydrogen/radio_telescope.sh: line 17: /mnt/usb_data/radio_astronomy/hydrogen/telescope_system.log: Permission denied
/mnt/usb_data/radio_astronomy/hydrogen/radio_telescope.sh: line 17: /mnt/usb_data/radio_astronomy/hydrogen/telescope_system.log: Permission denied
/mnt/usb_data/radio_astronomy/hydrogen/radio_telescope.sh: line 17: /mnt/usb_data/radio_astronomy/hydrogen/telescope_system.log: Permission denied
/mnt/usb_data/radio_astronomy/hydrogen/radio_telescope.sh: line 17: /mnt/usb_data/radio_astronomy/hydrogen/telescope_system.log: Permission denied
/mnt/usb_data/radio_astronomy/hydrogen/radio_telescope.sh: line 17: /mnt/usb_data/radio_astronomy/hydrogen/telescope_system.log: Permission denied
/mnt/usb_data/radio_astronomy/hydrogen/radio_telescope.sh: line 17: /mnt/usb_data/radio_astronomy/hydrogen/telescope_system.log: Permission denied
/mnt/usb_data/radio_astronomy/hydrogen/radio_telescope.sh: line 17: /mnt/usb_data/radio_astronomy/hydrogen/telescope_system.log: Permission denied
/mnt/usb_data/radio_astronomy/hydrogen/radio_telescope.sh: line 17: /mnt/usb_data/radio_astronomy/hydrogen/telescope_system.log: Permission denied
/mnt/usb_data/radio_astronomy/hydrogen/radio_telescope.sh: line 17: /mnt/usb_data/radio_astronomy/hydrogen/telescope_system.log: Permission denied
/mnt/usb_data/radio_astronomy/hydrogen/radio_telescope.sh: line 17: /mnt/usb_data/radio_astronomy/hydrogen/telescope_system.log: Permission denied
/mnt/usb_data/radio_astronomy/hydrogen/radio_telescope.sh: line 17: /mnt/usb_data/radio_astronomy/hydrogen/telescope_system.log: Permission denied
/mnt/usb_data/radio_astronomy/hydrogen/radio_telescope.sh: line 17: /mnt/usb_data/radio_astronomy/hydrogen/telescope_system.log: Permission denied
/mnt/usb_data/radio_astronomy/hydrogen/radio_telescope.sh: line 17: /mnt/usb_data/radio_astronomy/hydrogen/telescope_system.log: Permission denied
/mnt/usb_data/radio_astronomy/hydrogen/radio_telescope.sh: line 17: /mnt/usb_data/radio_astronomy/hydrogen/telescope_system.log: Permission denied
/mnt/usb_data/radio_astronomy/hydrogen/radio_telescope.sh: line 17: /mnt/usb_data/radio_astronomy/hydrogen/telescope_system.log: Permission denied
✅ Found Target SDR at Index: 0
🌌 Initializing Hydrogen Line Automated USB Observatory Control Loop...
🛰️ Initiating core background logging loop for 2026-09-19...
Terminated
✅ Found Target SDR at Index: 0
🌌 Initializing Hydrogen Line Automated USB Observatory Control Loop...
🛰️ Initiating core background logging loop for 2026-09-19...
Terminated
✅ Found Target SDR at Index: 0
🌌 Initializing Hydrogen Line Automated USB Observatory Control Loop...
🛰️ Initiating core background logging loop for 2026-09-20...
Terminated
✅ Found Target SDR at Index: 0
🌌 Initializing Hydrogen Line Automated USB Observatory Control Loop...
🛰️ Initiating core background logging loop for 2026-09-20...
Terminated
✅ Found Target SDR at Index: 0
🌌 Initializing Hydrogen Line Automated USB Observatory Control Loop...
🛰️ Initiating core background logging loop for 2026-09-20...
Terminated
/mnt/usb_data/radio_astronomy/hydrogen/radio_telescope.sh: line 17: /mnt/usb_data/radio_astronomy/hydrogen/telescope_system.log: Permission denied
/mnt/usb_data/radio_astronomy/hydrogen/radio_telescope.sh: line 17: /mnt/usb_data/radio_astronomy/hydrogen/telescope_system.log: Permission denied
/mnt/usb_data/radio_astronomy/hydrogen/radio_telescope.sh: line 17: /mnt/usb_data/radio_astronomy/hydrogen/telescope_system.log: Permission denied
/mnt/usb_data/radio_astronomy/hydrogen/radio_telescope.sh: line 17: /mnt/usb_data/radio_astronomy/hydrogen/telescope_system.log: Permission denied
/mnt/usb_data/radio_astronomy/hydrogen/radio_telescope.sh: line 17: /mnt/usb_data/radio_astronomy/hydrogen/telescope_system.log: Permission denied
/mnt/usb_data/radio_astronomy/hydrogen/radio_telescope.sh: line 17: /mnt/usb_data/radio_astronomy/hydrogen/telescope_system.log: Permission denied
/mnt/usb_data/radio_astronomy/hydrogen/radio_telescope.sh: line 17: /mnt/usb_data/radio_astronomy/hydrogen/telescope_system.log: Permission denied
/mnt/usb_data/radio_astronomy/hydrogen/radio_telescope.sh: line 17: /mnt/usb_data/radio_astronomy/hydrogen/telescope_system.log: Permission denied
/mnt/usb_data/radio_astronomy/hydrogen/radio_telescope.sh: line 17: /mnt/usb_data/radio_astronomy/hydrogen/telescope_system.log: Permission denied
/mnt/usb_data/radio_astronomy/hydrogen/radio_telescope.sh: line 17: /mnt/usb_data/radio_astronomy/hydrogen/telescope_system.log: Permission denied
/mnt/usb_data/radio_astronomy/hydrogen/radio_telescope.sh: line 17: /mnt/usb_data/radio_astronomy/hydrogen/telescope_system.log: Permission denied
/mnt/usb_data/radio_astronomy/hydrogen/radio_telescope.sh: line 17: /mnt/usb_data/radio_astronomy/hydrogen/telescope_system.log: Permission denied
/mnt/usb_data/radio_astronomy/hydrogen/radio_telescope.sh: line 17: /mnt/usb_data/radio_astronomy/hydrogen/telescope_system.log: Permission denied
/mnt/usb_data/radio_astronomy/hydrogen/radio_telescope.sh: line 17: /mnt/usb_data/radio_astronomy/hydrogen/telescope_system.log: Permission denied
/mnt/usb_data/radio_astronomy/hydrogen/radio_telescope.sh: line 17: /mnt/usb_data/radio_astronomy/hydrogen/telescope_system.log: Permission denied
/mnt/usb_data/radio_astronomy/hydrogen/radio_telescope.sh: line 17: /mnt/usb_data/radio_astronomy/hydrogen/telescope_system.log: Permission denied
/mnt/usb_data/radio_astronomy/hydrogen/radio_telescope.sh: line 17: /mnt/usb_data/radio_astronomy/hydrogen/telescope_system.log: Permission denied
/mnt/usb_data/radio_astronomy/hydrogen/radio_telescope.sh: line 17: /mnt/usb_data/radio_astronomy/hydrogen/telescope_system.log: Permission denied
/mnt/usb_data/radio_astronomy/hydrogen/radio_telescope.sh: line 17: /mnt/usb_data/radio_astronomy/hydrogen/telescope_system.log: Permission denied
/mnt/usb_data/radio_astronomy/hydrogen/radio_telescope.sh: line 17: /mnt/usb_data/radio_astronomy/hydrogen/telescope_system.log: Permission denied
/mnt/usb_data/radio_astronomy/hydrogen/radio_telescope.sh: line 17: /mnt/usb_data/radio_astronomy/hydrogen/telescope_system.log: Permission denied
/mnt/usb_data/radio_astronomy/hydrogen/radio_telescope.sh: line 17: /mnt/usb_data/radio_astronomy/hydrogen/telescope_system.log: Permission denied
/mnt/usb_data/radio_astronomy/hydrogen/radio_telescope.sh: line 17: /mnt/usb_data/radio_astronomy/hydrogen/telescope_system.log: Permission denied
/mnt/usb_data/radio_astronomy/hydrogen/radio_telescope.sh: line 17: /mnt/usb_data/radio_astronomy/hydrogen/telescope_system.log: Permission denied
/mnt/usb_data/radio_astronomy/hydrogen/radio_telescope.sh: line 17: /mnt/usb_data/radio_astronomy/hydrogen/telescope_system.log: Permission denied
/mnt/usb_data/radio_astronomy/hydrogen/radio_telescope.sh: line 17: /mnt/usb_data/radio_astronomy/hydrogen/telescope_system.log: Permission denied
/mnt/usb_data/radio_astronomy/hydrogen/radio_telescope.sh: line 17: /mnt/usb_data/radio_astronomy/hydrogen/telescope_system.log: Permission denied
/mnt/usb_data/radio_astronomy/hydrogen/radio_telescope.sh: line 17: /mnt/usb_data/radio_astronomy/hydrogen/telescope_system.log: Permission denied
/mnt/usb_data/radio_astronomy/hydrogen/radio_telescope.sh: line 17: /mnt/usb_data/radio_astronomy/hydrogen/telescope_system.log: Permission denied
/mnt/usb_data/radio_astronomy/hydrogen/radio_telescope.sh: line 17: /mnt/usb_data/radio_astronomy/hydrogen/telescope_system.log: Permission denied
/mnt/usb_data/radio_astronomy/hydrogen/radio_telescope.sh: line 17: /mnt/usb_data/radio_astronomy/hydrogen/telescope_system.log: Permission denied
/mnt/usb_data/radio_astronomy/hydrogen/radio_telescope.sh: line 17: /mnt/usb_data/radio_astronomy/hydrogen/telescope_system.log: Permission denied
/mnt/usb_data/radio_astronomy/hydrogen/radio_telescope.sh: line 17: /mnt/usb_data/radio_astronomy/hydrogen/telescope_system.log: Permission denied
/mnt/usb_data/radio_astronomy/hydrogen/radio_telescope.sh: line 17: /mnt/usb_data/radio_astronomy/hydrogen/telescope_system.log: Permission denied
/mnt/usb_data/radio_astronomy/hydrogen/radio_telescope.sh: line 17: /mnt/usb_data/radio_astronomy/hydrogen/telescope_system.log: Permission denied
/mnt/usb_data/radio_astronomy/hydrogen/radio_telescope.sh: line 17: /mnt/usb_data/radio_astronomy/hydrogen/telescope_system.log: Permission denied
/mnt/usb_data/radio_astronomy/hydrogen/radio_telescope.sh: line 17: /mnt/usb_data/radio_astronomy/hydrogen/telescope_system.log: Permission denied
/mnt/usb_data/radio_astronomy/hydrogen/radio_telescope.sh: line 17: /mnt/usb_data/radio_astronomy/hydrogen/telescope_system.log: Permission denied
/mnt/usb_data/radio_astronomy/hydrogen/radio_telescope.sh: line 17: /mnt/usb_data/radio_astronomy/hydrogen/telescope_system.log: Permission denied
/mnt/usb_data/radio_astronomy/hydrogen/radio_telescope.sh: line 17: /mnt/usb_data/radio_astronomy/hydrogen/telescope_system.log: Permission denied
/mnt/usb_data/radio_astronomy/hydrogen/radio_telescope.sh: line 17: /mnt/usb_data/radio_astronomy/hydrogen/telescope_system.log: Permission denied
/mnt/usb_data/radio_astronomy/hydrogen/radio_telescope.sh: line 17: /mnt/usb_data/radio_astronomy/hydrogen/telescope_system.log: Permission denied
/mnt/usb_data/radio_astronomy/hydrogen/radio_telescope.sh: line 17: /mnt/usb_data/radio_astronomy/hydrogen/telescope_system.log: Permission denied
/mnt/usb_data/radio_astronomy/hydrogen/radio_telescope.sh: line 17: /mnt/usb_data/radio_astronomy/hydrogen/telescope_system.log: Permission denied
/mnt/usb_data/radio_astronomy/hydrogen/radio_telescope.sh: line 17: /mnt/usb_data/radio_astronomy/hydrogen/telescope_system.log: Permission denied
/mnt/usb_data/radio_astronomy/hydrogen/radio_telescope.sh: line 17: /mnt/usb_data/radio_astronomy/hydrogen/telescope_system.log: Permission denied
/mnt/usb_data/radio_astronomy/hydrogen/radio_telescope.sh: line 17: /mnt/usb_data/radio_astronomy/hydrogen/telescope_system.log: Permission denied
/mnt/usb_data/radio_astronomy/hydrogen/radio_telescope.sh: line 17: /mnt/usb_data/radio_astronomy/hydrogen/telescope_system.log: Permission denied
/mnt/usb_data/radio_astronomy/hydrogen/radio_telescope.sh: line 17: /mnt/usb_data/radio_astronomy/hydrogen/telescope_system.log: Permission denied
/mnt/usb_data/radio_astronomy/hydrogen/radio_telescope.sh: line 17: /mnt/usb_data/radio_astronomy/hydrogen/telescope_system.log: Permission denied
/mnt/usb_data/radio_astronomy/hydrogen/radio_telescope.sh: line 17: /mnt/usb_data/radio_astronomy/hydrogen/telescope_system.log: Permission denied
/mnt/usb_data/radio_astronomy/hydrogen/radio_telescope.sh: line 17: /mnt/usb_data/radio_astronomy/hydrogen/telescope_system.log: Permission denied
/mnt/usb_data/radio_astronomy/hydrogen/radio_telescope.sh: line 17: /mnt/usb_data/radio_astronomy/hydrogen/telescope_system.log: Permission denied
/mnt/usb_data/radio_astronomy/hydrogen/radio_telescope.sh: line 17: /mnt/usb_data/radio_astronomy/hydrogen/telescope_system.log: Permission denied
/mnt/usb_data/radio_astronomy/hydrogen/radio_telescope.sh: line 17: /mnt/usb_data/radio_astronomy/hydrogen/telescope_system.log: Permission denied
/mnt/usb_data/radio_astronomy/hydrogen/radio_telescope.sh: line 17: /mnt/usb_data/radio_astronomy/hydrogen/telescope_system.log: Permission denied
/mnt/usb_data/radio_astronomy/hydrogen/radio_telescope.sh: line 17: /mnt/usb_data/radio_astronomy/hydrogen/telescope_system.log: Permission denied
/mnt/usb_data/radio_astronomy/hydrogen/radio_telescope.sh: line 17: /mnt/usb_data/radio_astronomy/hydrogen/telescope_system.log: Permission denied
/mnt/usb_data/radio_astronomy/hydrogen/radio_telescope.sh: line 17: /mnt/usb_data/radio_astronomy/hydrogen/telescope_system.log: Permission denied
/mnt/usb_data/radio_astronomy/hydrogen/radio_telescope.sh: line 17: /mnt/usb_data/radio_astronomy/hydrogen/telescope_system.log: Permission denied
/mnt/usb_data/radio_astronomy/hydrogen/radio_telescope.sh: line 17: /mnt/usb_data/radio_astronomy/hydrogen/telescope_system.log: Permission denied
/mnt/usb_data/radio_astronomy/hydrogen/radio_telescope.sh: line 17: /mnt/usb_data/radio_astronomy/hydrogen/telescope_system.log: Permission denied
/mnt/usb_data/radio_astronomy/hydrogen/radio_telescope.sh: line 17: /mnt/usb_data/radio_astronomy/hydrogen/telescope_system.log: Permission denied
/mnt/usb_data/radio_astronomy/hydrogen/radio_telescope.sh: line 17: /mnt/usb_data/radio_astronomy/hydrogen/telescope_system.log: Permission denied
/mnt/usb_data/radio_astronomy/hydrogen/radio_telescope.sh: line 17: /mnt/usb_data/radio_astronomy/hydrogen/telescope_system.log: Permission denied
/mnt/usb_data/radio_astronomy/hydrogen/radio_telescope.sh: line 17: /mnt/usb_data/radio_astronomy/hydrogen/telescope_system.log: Permission denied
/mnt/usb_data/radio_astronomy/hydrogen/radio_telescope.sh: line 17: /mnt/usb_data/radio_astronomy/hydrogen/telescope_system.log: Permission denied
/mnt/usb_data/radio_astronomy/hydrogen/radio_telescope.sh: line 17: /mnt/usb_data/radio_astronomy/hydrogen/telescope_system.log: Permission denied
/mnt/usb_data/radio_astronomy/hydrogen/radio_telescope.sh: line 17: /mnt/usb_data/radio_astronomy/hydrogen/telescope_system.log: Permission denied
/mnt/usb_data/radio_astronomy/hydrogen/radio_telescope.sh: line 17: /mnt/usb_data/radio_astronomy/hydrogen/telescope_system.log: Permission denied
/mnt/usb_data/radio_astronomy/hydrogen/radio_telescope.sh: line 17: /mnt/usb_data/radio_astronomy/hydrogen/telescope_system.log: Permission denied
/mnt/usb_data/radio_astronomy/hydrogen/radio_telescope.sh: line 17: /mnt/usb_data/radio_astronomy/hydrogen/telescope_system.log: Permission denied
/mnt/usb_data/radio_astronomy/hydrogen/radio_telescope.sh: line 17: /mnt/usb_data/radio_astronomy/hydrogen/telescope_system.log: Permission denied
/mnt/usb_data/radio_astronomy/hydrogen/radio_telescope.sh: line 17: /mnt/usb_data/radio_astronomy/hydrogen/telescope_system.log: Permission denied
/mnt/usb_data/radio_astronomy/hydrogen/radio_telescope.sh: line 17: /mnt/usb_data/radio_astronomy/hydrogen/telescope_system.log: Permission denied
/mnt/usb_data/radio_astronomy/hydrogen/radio_telescope.sh: line 17: /mnt/usb_data/radio_astronomy/hydrogen/telescope_system.log: Permission denied
/mnt/usb_data/radio_astronomy/hydrogen/radio_telescope.sh: line 17: /mnt/usb_data/radio_astronomy/hydrogen/telescope_system.log: Permission denied
/mnt/usb_data/radio_astronomy/hydrogen/radio_telescope.sh: line 17: /mnt/usb_data/radio_astronomy/hydrogen/telescope_system.log: Permission denied
/mnt/usb_data/radio_astronomy/hydrogen/radio_telescope.sh: line 17: /mnt/usb_data/radio_astronomy/hydrogen/telescope_system.log: Permission denied
/mnt/usb_data/radio_astronomy/hydrogen/radio_telescope.sh: line 17: /mnt/usb_data/radio_astronomy/hydrogen/telescope_system.log: Permission denied
/mnt/usb_data/radio_astronomy/hydrogen/radio_telescope.sh: line 17: /mnt/usb_data/radio_astronomy/hydrogen/telescope_system.log: Permission denied
/mnt/usb_data/radio_astronomy/hydrogen/radio_telescope.sh: line 17: /mnt/usb_data/radio_astronomy/hydrogen/telescope_system.log: Permission denied
/mnt/usb_data/radio_astronomy/hydrogen/radio_telescope.sh: line 17: /mnt/usb_data/radio_astronomy/hydrogen/telescope_system.log: Permission denied
/mnt/usb_data/radio_astronomy/hydrogen/radio_telescope.sh: line 17: /mnt/usb_data/radio_astronomy/hydrogen/telescope_system.log: Permission denied
/mnt/usb_data/radio_astronomy/hydrogen/radio_telescope.sh: line 17: /mnt/usb_data/radio_astronomy/hydrogen/telescope_system.log: Permission denied
/mnt/usb_data/radio_astronomy/hydrogen/radio_telescope.sh: line 17: /mnt/usb_data/radio_astronomy/hydrogen/telescope_system.log: Permission denied
/mnt/usb_data/radio_astronomy/hydrogen/radio_telescope.sh: line 17: /mnt/usb_data/radio_astronomy/hydrogen/telescope_system.log: Permission denied
/mnt/usb_data/radio_astronomy/hydrogen/radio_telescope.sh: line 17: /mnt/usb_data/radio_astronomy/hydrogen/telescope_system.log: Permission denied
/mnt/usb_data/radio_astronomy/hydrogen/radio_telescope.sh: line 17: /mnt/usb_data/radio_astronomy/hydrogen/telescope_system.log: Permission denied
/mnt/usb_data/radio_astronomy/hydrogen/radio_telescope.sh: line 17: /mnt/usb_data/radio_astronomy/hydrogen/telescope_system.log: Permission denied
/mnt/usb_data/radio_astronomy/hydrogen/radio_telescope.sh: line 17: /mnt/usb_data/radio_astronomy/hydrogen/telescope_system.log: Permission denied
/mnt/usb_data/radio_astronomy/hydrogen/radio_telescope.sh: line 17: /mnt/usb_data/radio_astronomy/hydrogen/telescope_system.log: Permission denied
/mnt/usb_data/radio_astronomy/hydrogen/radio_telescope.sh: line 17: /mnt/usb_data/radio_astronomy/hydrogen/telescope_system.log: Permission denied
/mnt/usb_data/radio_astronomy/hydrogen/radio_telescope.sh: line 17: /mnt/usb_data/radio_astronomy/hydrogen/telescope_system.log: Permission denied
/mnt/usb_data/radio_astronomy/hydrogen/radio_telescope.sh: line 17: /mnt/usb_data/radio_astronomy/hydrogen/telescope_system.log: Permission denied
/mnt/usb_data/radio_astronomy/hydrogen/radio_telescope.sh: line 17: /mnt/usb_data/radio_astronomy/hydrogen/telescope_system.log: Permission denied
/mnt/usb_data/radio_astronomy/hydrogen/radio_telescope.sh: line 17: /mnt/usb_data/radio_astronomy/hydrogen/telescope_system.log: Permission denied
/mnt/usb_data/radio_astronomy/hydrogen/radio_telescope.sh: line 17: /mnt/usb_data/radio_astronomy/hydrogen/telescope_system.log: Permission denied
/mnt/usb_data/radio_astronomy/hydrogen/radio_telescope.sh: line 17: /mnt/usb_data/radio_astronomy/hydrogen/telescope_system.log: Permission denied
/mnt/usb_data/radio_astronomy/hydrogen/radio_telescope.sh: line 17: /mnt/usb_data/radio_astronomy/hydrogen/telescope_system.log: Permission denied
/mnt/usb_data/radio_astronomy/hydrogen/radio_telescope.sh: line 17: /mnt/usb_data/radio_astronomy/hydrogen/telescope_system.log: Permission denied
/mnt/usb_data/radio_astronomy/hydrogen/radio_telescope.sh: line 17: /mnt/usb_data/radio_astronomy/hydrogen/telescope_system.log: Permission denied
/mnt/usb_data/radio_astronomy/hydrogen/radio_telescope.sh: line 17: /mnt/usb_data/radio_astronomy/hydrogen/telescope_system.log: Permission denied
/mnt/usb_data/radio_astronomy/hydrogen/radio_telescope.sh: line 17: /mnt/usb_data/radio_astronomy/hydrogen/telescope_system.log: Permission denied
/mnt/usb_data/radio_astronomy/hydrogen/radio_telescope.sh: line 17: /mnt/usb_data/radio_astronomy/hydrogen/telescope_system.log: Permission denied
/mnt/usb_data/radio_astronomy/hydrogen/radio_telescope.sh: line 17: /mnt/usb_data/radio_astronomy/hydrogen/telescope_system.log: Permission denied
/mnt/usb_data/radio_astronomy/hydrogen/radio_telescope.sh: line 17: /mnt/usb_data/radio_astronomy/hydrogen/telescope_system.log: Permission denied
/mnt/usb_data/radio_astronomy/hydrogen/radio_telescope.sh: line 17: /mnt/usb_data/radio_astronomy/hydrogen/telescope_system.log: Permission denied
/mnt/usb_data/radio_astronomy/hydrogen/radio_telescope.sh: line 17: /mnt/usb_data/radio_astronomy/hydrogen/telescope_system.log: Permission denied
/mnt/usb_data/radio_astronomy/hydrogen/radio_telescope.sh: line 17: /mnt/usb_data/radio_astronomy/hydrogen/telescope_system.log: Permission denied
/mnt/usb_data/radio_astronomy/hydrogen/radio_telescope.sh: line 17: /mnt/usb_data/radio_astronomy/hydrogen/telescope_system.log: Permission denied
/mnt/usb_data/radio_astronomy/hydrogen/radio_telescope.sh: line 17: /mnt/usb_data/radio_astronomy/hydrogen/telescope_system.log: Permission denied
/mnt/usb_data/radio_astronomy/hydrogen/radio_telescope.sh: line 17: /mnt/usb_data/radio_astronomy/hydrogen/telescope_system.log: Permission denied
/mnt/usb_data/radio_astronomy/hydrogen/radio_telescope.sh: line 17: /mnt/usb_data/radio_astronomy/hydrogen/telescope_system.log: Permission denied
/mnt/usb_data/radio_astronomy/hydrogen/radio_telescope.sh: line 17: /mnt/usb_data/radio_astronomy/hydrogen/telescope_system.log: Permission denied
/mnt/usb_data/radio_astronomy/hydrogen/radio_telescope.sh: line 17: /mnt/usb_data/radio_astronomy/hydrogen/telescope_system.log: Permission denied
/mnt/usb_data/radio_astronomy/hydrogen/radio_telescope.sh: line 17: /mnt/usb_data/radio_astronomy/hydrogen/telescope_system.log: Permission denied
/mnt/usb_data/radio_astronomy/hydrogen/radio_telescope.sh: line 17: /mnt/usb_data/radio_astronomy/hydrogen/telescope_system.log: Permission denied
/mnt/usb_data/radio_astronomy/hydrogen/radio_telescope.sh: line 17: /mnt/usb_data/radio_astronomy/hydrogen/telescope_system.log: Permission denied
/mnt/usb_data/radio_astronomy/hydrogen/radio_telescope.sh: line 17: /mnt/usb_data/radio_astronomy/hydrogen/telescope_system.log: Permission denied
/mnt/usb_data/radio_astronomy/hydrogen/radio_telescope.sh: line 17: /mnt/usb_data/radio_astronomy/hydrogen/telescope_system.log: Permission denied
/mnt/usb_data/radio_astronomy/hydrogen/radio_telescope.sh: line 17: /mnt/usb_data/radio_astronomy/hydrogen/telescope_system.log: Permission denied
/mnt/usb_data/radio_astronomy/hydrogen/radio_telescope.sh: line 17: /mnt/usb_data/radio_astronomy/hydrogen/telescope_system.log: Permission denied
/mnt/usb_data/radio_astronomy/hydrogen/radio_telescope.sh: line 17: /mnt/usb_data/radio_astronomy/hydrogen/telescope_system.log: Permission denied
/mnt/usb_data/radio_astronomy/hydrogen/radio_telescope.sh: line 17: /mnt/usb_data/radio_astronomy/hydrogen/telescope_system.log: Permission denied
/mnt/usb_data/radio_astronomy/hydrogen/radio_telescope.sh: line 17: /mnt/usb_data/radio_astronomy/hydrogen/telescope_system.log: Permission denied
/mnt/usb_data/radio_astronomy/hydrogen/radio_telescope.sh: line 17: /mnt/usb_data/radio_astronomy/hydrogen/telescope_system.log: Permission denied
/mnt/usb_data/radio_astronomy/hydrogen/radio_telescope.sh: line 17: /mnt/usb_data/radio_astronomy/hydrogen/telescope_system.log: Permission denied
/mnt/usb_data/radio_astronomy/hydrogen/radio_telescope.sh: line 17: /mnt/usb_data/radio_astronomy/hydrogen/telescope_system.log: Permission denied
/mnt/usb_data/radio_astronomy/hydrogen/radio_telescope.sh: line 17: /mnt/usb_data/radio_astronomy/hydrogen/telescope_system.log: Permission denied
/mnt/usb_data/radio_astronomy/hydrogen/radio_telescope.sh: line 17: /mnt/usb_data/radio_astronomy/hydrogen/telescope_system.log: Permission denied
/mnt/usb_data/radio_astronomy/hydrogen/radio_telescope.sh: line 17: /mnt/usb_data/radio_astronomy/hydrogen/telescope_system.log: Permission denied
/mnt/usb_data/radio_astronomy/hydrogen/radio_telescope.sh: line 17: /mnt/usb_data/radio_astronomy/hydrogen/telescope_system.log: Permission denied
/mnt/usb_data/radio_astronomy/hydrogen/radio_telescope.sh: line 17: /mnt/usb_data/radio_astronomy/hydrogen/telescope_system.log: Permission denied
/mnt/usb_data/radio_astronomy/hydrogen/radio_telescope.sh: line 17: /mnt/usb_data/radio_astronomy/hydrogen/telescope_system.log: Permission denied
/mnt/usb_data/radio_astronomy/hydrogen/radio_telescope.sh: line 17: /mnt/usb_data/radio_astronomy/hydrogen/telescope_system.log: Permission denied
/mnt/usb_data/radio_astronomy/hydrogen/radio_telescope.sh: line 17: /mnt/usb_data/radio_astronomy/hydrogen/telescope_system.log: Permission denied
/mnt/usb_data/radio_astronomy/hydrogen/radio_telescope.sh: line 17: /mnt/usb_data/radio_astronomy/hydrogen/telescope_system.log: Permission denied
/mnt/usb_data/radio_astronomy/hydrogen/radio_telescope.sh: line 17: /mnt/usb_data/radio_astronomy/hydrogen/telescope_system.log: Permission denied
/mnt/usb_data/radio_astronomy/hydrogen/radio_telescope.sh: line 17: /mnt/usb_data/radio_astronomy/hydrogen/telescope_system.log: Permission denied
/mnt/usb_data/radio_astronomy/hydrogen/radio_telescope.sh: line 17: /mnt/usb_data/radio_astronomy/hydrogen/telescope_system.log: Permission denied
/mnt/usb_data/radio_astronomy/hydrogen/radio_telescope.sh: line 17: /mnt/usb_data/radio_astronomy/hydrogen/telescope_system.log: Permission denied
/mnt/usb_data/radio_astronomy/hydrogen/radio_telescope.sh: line 17: /mnt/usb_data/radio_astronomy/hydrogen/telescope_system.log: Permission denied
/mnt/usb_data/radio_astronomy/hydrogen/radio_telescope.sh: line 17: /mnt/usb_data/radio_astronomy/hydrogen/telescope_system.log: Permission denied
/mnt/usb_data/radio_astronomy/hydrogen/radio_telescope.sh: line 17: /mnt/usb_data/radio_astronomy/hydrogen/telescope_system.log: Permission denied
/mnt/usb_data/radio_astronomy/hydrogen/radio_telescope.sh: line 17: /mnt/usb_data/radio_astronomy/hydrogen/telescope_system.log: Permission denied
/mnt/usb_data/radio_astronomy/hydrogen/radio_telescope.sh: line 17: /mnt/usb_data/radio_astronomy/hydrogen/telescope_system.log: Permission denied
/mnt/usb_data/radio_astronomy/hydrogen/radio_telescope.sh: line 17: /mnt/usb_data/radio_astronomy/hydrogen/telescope_system.log: Permission denied
/mnt/usb_data/radio_astronomy/hydrogen/radio_telescope.sh: line 17: /mnt/usb_data/radio_astronomy/hydrogen/telescope_system.log: Permission denied
/mnt/usb_data/radio_astronomy/hydrogen/radio_telescope.sh: line 17: /mnt/usb_data/radio_astronomy/hydrogen/telescope_system.log: Permission denied
/mnt/usb_data/radio_astronomy/hydrogen/radio_telescope.sh: line 17: /mnt/usb_data/radio_astronomy/hydrogen/telescope_system.log: Permission denied
/mnt/usb_data/radio_astronomy/hydrogen/radio_telescope.sh: line 17: /mnt/usb_data/radio_astronomy/hydrogen/telescope_system.log: Permission denied
/mnt/usb_data/radio_astronomy/hydrogen/radio_telescope.sh: line 17: /mnt/usb_data/radio_astronomy/hydrogen/telescope_system.log: Permission denied
/mnt/usb_data/radio_astronomy/hydrogen/radio_telescope.sh: line 17: /mnt/usb_data/radio_astronomy/hydrogen/telescope_system.log: Permission denied
/mnt/usb_data/radio_astronomy/hydrogen/radio_telescope.sh: line 17: /mnt/usb_data/radio_astronomy/hydrogen/telescope_system.log: Permission denied
/mnt/usb_data/radio_astronomy/hydrogen/radio_telescope.sh: line 17: /mnt/usb_data/radio_astronomy/hydrogen/telescope_system.log: Permission denied
/mnt/usb_data/radio_astronomy/hydrogen/radio_telescope.sh: line 17: /mnt/usb_data/radio_astronomy/hydrogen/telescope_system.log: Permission denied
/mnt/usb_data/radio_astronomy/hydrogen/radio_telescope.sh: line 17: /mnt/usb_data/radio_astronomy/hydrogen/telescope_system.log: Permission denied
/mnt/usb_data/radio_astronomy/hydrogen/radio_telescope.sh: line 17: /mnt/usb_data/radio_astronomy/hydrogen/telescope_system.log: Permission denied
/mnt/usb_data/radio_astronomy/hydrogen/radio_telescope.sh: line 17: /mnt/usb_data/radio_astronomy/hydrogen/telescope_system.log: Permission denied
/mnt/usb_data/radio_astronomy/hydrogen/radio_telescope.sh: line 17: /mnt/usb_data/radio_astronomy/hydrogen/telescope_system.log: Permission denied
/mnt/usb_data/radio_astronomy/hydrogen/radio_telescope.sh: line 17: /mnt/usb_data/radio_astronomy/hydrogen/telescope_system.log: Permission denied
/mnt/usb_data/radio_astronomy/hydrogen/radio_telescope.sh: line 17: /mnt/usb_data/radio_astronomy/hydrogen/telescope_system.log: Permission denied
/mnt/usb_data/radio_astronomy/hydrogen/radio_telescope.sh: line 17: /mnt/usb_data/radio_astronomy/hydrogen/telescope_system.log: Permission denied
/mnt/usb_data/radio_astronomy/hydrogen/radio_telescope.sh: line 17: /mnt/usb_data/radio_astronomy/hydrogen/telescope_system.log: Permission denied
/mnt/usb_data/radio_astronomy/hydrogen/radio_telescope.sh: line 17: /mnt/usb_data/radio_astronomy/hydrogen/telescope_system.log: Permission denied
/mnt/usb_data/radio_astronomy/hydrogen/radio_telescope.sh: line 17: /mnt/usb_data/radio_astronomy/hydrogen/telescope_system.log: Permission denied
/mnt/usb_data/radio_astronomy/hydrogen/radio_telescope.sh: line 17: /mnt/usb_data/radio_astronomy/hydrogen/telescope_system.log: Permission denied
/mnt/usb_data/radio_astronomy/hydrogen/radio_telescope.sh: line 17: /mnt/usb_data/radio_astronomy/hydrogen/telescope_system.log: Permission denied
/mnt/usb_data/radio_astronomy/hydrogen/radio_telescope.sh: line 17: /mnt/usb_data/radio_astronomy/hydrogen/telescope_system.log: Permission denied
/mnt/usb_data/radio_astronomy/hydrogen/radio_telescope.sh: line 17: /mnt/usb_data/radio_astronomy/hydrogen/telescope_system.log: Permission denied
/mnt/usb_data/radio_astronomy/hydrogen/radio_telescope.sh: line 17: /mnt/usb_data/radio_astronomy/hydrogen/telescope_system.log: Permission denied
/mnt/usb_data/radio_astronomy/hydrogen/radio_telescope.sh: line 17: /mnt/usb_data/radio_astronomy/hydrogen/telescope_system.log: Permission denied
/mnt/usb_data/radio_astronomy/hydrogen/radio_telescope.sh: line 17: /mnt/usb_data/radio_astronomy/hydrogen/telescope_system.log: Permission denied
/mnt/usb_data/radio_astronomy/hydrogen/radio_telescope.sh: line 17: /mnt/usb_data/radio_astronomy/hydrogen/telescope_system.log: Permission denied
/mnt/usb_data/radio_astronomy/hydrogen/radio_telescope.sh: line 17: /mnt/usb_data/radio_astronomy/hydrogen/telescope_system.log: Permission denied
/mnt/usb_data/radio_astronomy/hydrogen/radio_telescope.sh: line 17: /mnt/usb_data/radio_astronomy/hydrogen/telescope_system.log: Permission denied
/mnt/usb_data/radio_astronomy/hydrogen/radio_telescope.sh: line 17: /mnt/usb_data/radio_astronomy/hydrogen/telescope_system.log: Permission denied
/mnt/usb_data/radio_astronomy/hydrogen/radio_telescope.sh: line 17: /mnt/usb_data/radio_astronomy/hydrogen/telescope_system.log: Permission denied
/mnt/usb_data/radio_astronomy/hydrogen/radio_telescope.sh: line 17: /mnt/usb_data/radio_astronomy/hydrogen/telescope_system.log: Permission denied
/mnt/usb_data/radio_astronomy/hydrogen/radio_telescope.sh: line 17: /mnt/usb_data/radio_astronomy/hydrogen/telescope_system.log: Permission denied
/mnt/usb_data/radio_astronomy/hydrogen/radio_telescope.sh: line 17: /mnt/usb_data/radio_astronomy/hydrogen/telescope_system.log: Permission denied
/mnt/usb_data/radio_astronomy/hydrogen/radio_telescope.sh: line 17: /mnt/usb_data/radio_astronomy/hydrogen/telescope_system.log: Permission denied
/mnt/usb_data/radio_astronomy/hydrogen/radio_telescope.sh: line 17: /mnt/usb_data/radio_astronomy/hydrogen/telescope_system.log: Permission denied
/mnt/usb_data/radio_astronomy/hydrogen/radio_telescope.sh: line 17: /mnt/usb_data/radio_astronomy/hydrogen/telescope_system.log: Permission denied
/mnt/usb_data/radio_astronomy/hydrogen/radio_telescope.sh: line 17: /mnt/usb_data/radio_astronomy/hydrogen/telescope_system.log: Permission denied
/mnt/usb_data/radio_astronomy/hydrogen/radio_telescope.sh: line 17: /mnt/usb_data/radio_astronomy/hydrogen/telescope_system.log: Permission denied
/mnt/usb_data/radio_astronomy/hydrogen/radio_telescope.sh: line 17: /mnt/usb_data/radio_astronomy/hydrogen/telescope_system.log: Permission denied
/mnt/usb_data/radio_astronomy/hydrogen/radio_telescope.sh: line 17: /mnt/usb_data/radio_astronomy/hydrogen/telescope_system.log: Permission denied
/mnt/usb_data/radio_astronomy/hydrogen/radio_telescope.sh: line 17: /mnt/usb_data/radio_astronomy/hydrogen/telescope_system.log: Permission denied
/mnt/usb_data/radio_astronomy/hydrogen/radio_telescope.sh: line 17: /mnt/usb_data/radio_astronomy/hydrogen/telescope_system.log: Permission denied
/mnt/usb_data/radio_astronomy/hydrogen/radio_telescope.sh: line 17: /mnt/usb_data/radio_astronomy/hydrogen/telescope_system.log: Permission denied
/mnt/usb_data/radio_astronomy/hydrogen/radio_telescope.sh: line 17: /mnt/usb_data/radio_astronomy/hydrogen/telescope_system.log: Permission denied
/mnt/usb_data/radio_astronomy/hydrogen/radio_telescope.sh: line 17: /mnt/usb_data/radio_astronomy/hydrogen/telescope_system.log: Permission denied
/mnt/usb_data/radio_astronomy/hydrogen/radio_telescope.sh: line 17: /mnt/usb_data/radio_astronomy/hydrogen/telescope_system.log: Permission denied
/mnt/usb_data/radio_astronomy/hydrogen/radio_telescope.sh: line 17: /mnt/usb_data/radio_astronomy/hydrogen/telescope_system.log: Permission denied
/mnt/usb_data/radio_astronomy/hydrogen/radio_telescope.sh: line 17: /mnt/usb_data/radio_astronomy/hydrogen/telescope_system.log: Permission denied
/mnt/usb_data/radio_astronomy/hydrogen/radio_telescope.sh: line 17: /mnt/usb_data/radio_astronomy/hydrogen/telescope_system.log: Permission denied
/mnt/usb_data/radio_astronomy/hydrogen/radio_telescope.sh: line 17: /mnt/usb_data/radio_astronomy/hydrogen/telescope_system.log: Permission denied
/mnt/usb_data/radio_astronomy/hydrogen/radio_telescope.sh: line 17: /mnt/usb_data/radio_astronomy/hydrogen/telescope_system.log: Permission denied
/mnt/usb_data/radio_astronomy/hydrogen/radio_telescope.sh: line 17: /mnt/usb_data/radio_astronomy/hydrogen/telescope_system.log: Permission denied
/mnt/usb_data/radio_astronomy/hydrogen/radio_telescope.sh: line 17: /mnt/usb_data/radio_astronomy/hydrogen/telescope_system.log: Permission denied
/mnt/usb_data/radio_astronomy/hydrogen/radio_telescope.sh: line 17: /mnt/usb_data/radio_astronomy/hydrogen/telescope_system.log: Permission denied
/mnt/usb_data/radio_astronomy/hydrogen/radio_telescope.sh: line 17: /mnt/usb_data/radio_astronomy/hydrogen/telescope_system.log: Permission denied
/mnt/usb_data/radio_astronomy/hydrogen/radio_telescope.sh: line 17: /mnt/usb_data/radio_astronomy/hydrogen/telescope_system.log: Permission denied
/mnt/usb_data/radio_astronomy/hydrogen/radio_telescope.sh: line 17: /mnt/usb_data/radio_astronomy/hydrogen/telescope_system.log: Permission denied
/mnt/usb_data/radio_astronomy/hydrogen/radio_telescope.sh: line 17: /mnt/usb_data/radio_astronomy/hydrogen/telescope_system.log: Permission denied
/mnt/usb_data/radio_astronomy/hydrogen/radio_telescope.sh: line 17: /mnt/usb_data/radio_astronomy/hydrogen/telescope_system.log: Permission denied
/mnt/usb_data/radio_astronomy/hydrogen/radio_telescope.sh: line 17: /mnt/usb_data/radio_astronomy/hydrogen/telescope_system.log: Permission denied
/mnt/usb_data/radio_astronomy/hydrogen/radio_telescope.sh: line 17: /mnt/usb_data/radio_astronomy/hydrogen/telescope_system.log: Permission denied
/mnt/usb_data/radio_astronomy/hydrogen/radio_telescope.sh: line 17: /mnt/usb_data/radio_astronomy/hydrogen/telescope_system.log: Permission denied
/mnt/usb_data/radio_astronomy/hydrogen/radio_telescope.sh: line 17: /mnt/usb_data/radio_astronomy/hydrogen/telescope_system.log: Permission denied
/mnt/usb_data/radio_astronomy/hydrogen/radio_telescope.sh: line 17: /mnt/usb_data/radio_astronomy/hydrogen/telescope_system.log: Permission denied
/mnt/usb_data/radio_astronomy/hydrogen/radio_telescope.sh: line 17: /mnt/usb_data/radio_astronomy/hydrogen/telescope_system.log: Permission denied
/mnt/usb_data/radio_astronomy/hydrogen/radio_telescope.sh: line 17: /mnt/usb_data/radio_astronomy/hydrogen/telescope_system.log: Permission denied
/mnt/usb_data/radio_astronomy/hydrogen/radio_telescope.sh: line 17: /mnt/usb_data/radio_astronomy/hydrogen/telescope_system.log: Permission denied
/mnt/usb_data/radio_astronomy/hydrogen/radio_tel/mnt/usb_data/radio_astronomy/hydrogen/radio_telescope.sh: line 17: /mnt/usb_data/radio_astronomy/hydrogen/telescope_system.log: Permission denied
/mnt/usb_data/radio_astronomy/hydrogen/radio_telescope.sh: line 17: /mnt/usb_data/radio_astronomy/hydrogen/telescope_system.log: Permission denied
/mnt/usb_data/radio_astronomy/hydrogen/radio_telescope.sh: line 17: /mnt/usb_data/radio_astronomy/hydrogen/telescope_system.log: Permission denied
/mnt/usb_data/radio_astronomy/hydrogen/radio_telescope.sh: line 17: /mnt/usb_data/radio_astronomy/hydrogen/telescope_system.log: Permission denied
/mnt/usb_data/radio_astronomy/hydrogen/radio_telescope.sh: line 17: /mnt/usb_data/radio_astronomy/hydrogen/telescope_system.log: Permission denied
/mnt/usb_data/radio_astronomy/hydrogen/radio_telescope.sh: line 17: /mnt/usb_data/radio_astronomy/hydrogen/telescope_system.log: Permission denied
/mnt/usb_data/radio_astronomy/hydrogen/radio_telescope.sh: line 17: /mnt/usb_data/radio_astronomy/hydrogen/telescope_system.log: Permission denied
/mnt/usb_data/radio_astronomy/hydrogen/radio_telescope.sh: line 17: /mnt/usb_data/radio_astronomy/hydrogen/telescope_system.log: Permission denied
/mnt/usb_data/radio_astronomy/hydrogen/radio_telescope.sh: line 17: /mnt/usb_data/radio_astronomy/hydrogen/telescope_system.log: Permission denied
/mnt/usb_data/radio_astronomy/hydrogen/radio_telescope.sh: line 17: /mnt/usb_data/radio_astronomy/hydrogen/telescope_system.log: Permission denied
/mnt/usb_data/radio_astronomy/hydrogen/radio_telescope.sh: line 17: /mnt/usb_data/radio_astronomy/hydrogen/telescope_system.log: Permission denied
/mnt/usb_data/radio_astronomy/hydrogen/radio_telescope.sh: line 17: /mnt/usb_data/radio_astronomy/hydrogen/telescope_system.log: Permission denied
/mnt/usb_data/radio_astronomy/hydrogen/radio_telescope.sh: line 17: /mnt/usb_data/radio_astronomy/hydrogen/telescope_system.log: Permission denied
/mnt/usb_data/radio_astronomy/hydrogen/radio_telescope.sh: line 17: /mnt/usb_data/radio_astronomy/hydrogen/telescope_system.log: Permission denied
✅ Found Target SDR at Index: 0
🌌 Initializing Hydrogen Line Automated USB Observatory Control Loop...
🛰️ Initiating core background logging loop for 2026-09-20...
🔔 Midnight reached! Compressing data for 2026-09-20...
Committing full day's data and local directory changes for 2026-09-20...
[main 45549d2] Auto daily spectrum upload and updates: 2026-09-20
 5 files changed, 358 insertions(+)
 create mode 100644 2026/09/19/hydrogen.dat.gz
 create mode 100644 2026/09/19/scan.log.gz
 create mode 100644 2026/09/20/hydrogen.dat.gz
 create mode 100644 2026/09/20/scan.log.gz
To github.com:bkb3/hydrogen-observatory.git
   b64bed7..45549d2  main -> main
Moving to tomorrow's nested calendar directory...
🛰️ Initiating core background logging loop for 2026-09-21...
Terminated
✅ Found Target SDR at Index: 0
🌌 Initializing Hydrogen Line Automated USB Observatory Control Loop...
🛰️ Initiating core background logging loop for 2026-09-21...
🔔 Midnight reached! Compressing data for 2026-09-21...
Committing full day's data and local directory changes for 2026-09-21...
[main 39abac7] Auto daily spectrum upload and updates: 2026-09-21
 36 files changed, 0 insertions(+), 0 deletions(-)
 create mode 100644 data/2026/09/04/hydrogen.dat.gz
 create mode 100644 data/2026/09/04/scan.log.gz
 create mode 100644 data/2026/09/05/hydrogen.dat.gz
 create mode 100644 data/2026/09/05/scan.log.gz
 create mode 100644 data/2026/09/06/hydrogen.dat.gz
 create mode 100644 data/2026/09/06/scan.log.gz
 create mode 100644 data/2026/09/07/hydrogen.dat.gz
 create mode 100644 data/2026/09/07/scan.log.gz
 create mode 100644 data/2026/09/08/hydrogen.dat.gz
 create mode 100644 data/2026/09/08/scan.log.gz
 create mode 100644 data/2026/09/09/hydrogen.dat.gz
 create mode 100644 data/2026/09/09/scan.log.gz
 create mode 100644 data/2026/09/10/hydrogen.dat.gz
 create mode 100644 data/2026/09/10/scan.log.gz
 create mode 100644 data/2026/09/11/hydrogen.dat.gz
 create mode 100644 data/2026/09/11/scan.log.gz
 create mode 100644 data/2026/09/12/hydrogen.dat.gz
 create mode 100644 data/2026/09/12/scan.log.gz
 create mode 100644 data/2026/09/13/hydrogen.dat.gz
 create mode 100644 data/2026/09/13/scan.log.gz
 create mode 100644 data/2026/09/14/hydrogen.dat.gz
 create mode 100644 data/2026/09/14/scan.log.gz
 create mode 100644 data/2026/09/15/hydrogen.dat.gz
 create mode 100644 data/2026/09/15/scan.log.gz
 create mode 100644 data/2026/09/16/hydrogen.dat.gz
 create mode 100644 data/2026/09/16/scan.log.gz
 create mode 100644 data/2026/09/17/hydrogen.dat.gz
 create mode 100644 data/2026/09/17/scan.log.gz
 create mode 100644 data/2026/09/18/hydrogen.dat.gz
 create mode 100644 data/2026/09/18/scan.log.gz
 create mode 100644 data/2026/09/19/hydrogen.dat.gz
 create mode 100644 data/2026/09/19/scan.log.gz
 create mode 100644 data/2026/09/20/hydrogen.dat.gz
 create mode 100644 data/2026/09/20/scan.log.gz
 create mode 100644 data/2026/09/21/hydrogen.dat.gz
 create mode 100644 data/2026/09/21/scan.log.gz
Warning: Identity file /mnt/usb_data/radio_astronomy/hydrogen/data/github_deploy_key not accessible: No such file or directory.
git@github.com: Permission denied (publickey).
fatal: Could not read from remote repository.

Please make sure you have the correct access rights
and the repository exists.
⚠️ Git push failed at midnight. Will retry next cycle.
Moving to tomorrow's nested calendar directory...
🛰️ Initiating core background logging loop for 2026-09-22...
Terminated
/mnt/usb_data/radio_astronomy/hydrogen/radio_telescope.sh: line 7: GIT_DIR: command not found
✅ Found Target SDR at Index: 0
🌌 Initializing Hydrogen Line Automated USB Observatory Control Loop...
🛰️ Initiating core background logging loop for 2026-09-22...
Terminated
✅ Found Target SDR at Index: 0
🌌 Initializing Hydrogen Line Automated USB Observatory Control Loop...
🛰️ Initiating core background logging loop for 2026-09-22...
Terminated
✅ Found Target SDR at Index: 0
🌌 Initializing Hydrogen Line Automated USB Observatory Control Loop...
🛰️ Initiating core background logging loop for 2026-09-22...
🔔 Midnight reached! Compressing data for 2026-09-22...
Committing full day's data and local directory changes for 2026-09-22...
[main 4c66992] Auto daily spectrum upload and updates: 2026-09-22
 43 files changed, 85 insertions(+), 9 deletions(-)
 delete mode 100644 2026/09/04/hydrogen.dat.gz
 delete mode 100644 2026/09/04/scan.log.gz
 delete mode 100644 2026/09/05/hydrogen.dat.gz
 delete mode 100644 2026/09/05/scan.log.gz
 delete mode 100644 2026/09/06/hydrogen.dat.gz
 delete mode 100644 2026/09/06/scan.log.gz
 delete mode 100644 2026/09/07/hydrogen.dat.gz
 delete mode 100644 2026/09/07/scan.log.gz
 delete mode 100644 2026/09/08/hydrogen.dat.gz
 delete mode 100644 2026/09/08/scan.log.gz
 delete mode 100644 2026/09/09/hydrogen.dat.gz
 delete mode 100644 2026/09/09/scan.log.gz
 delete mode 100644 2026/09/10/hydrogen.dat.gz
 delete mode 100644 2026/09/10/scan.log.gz
 delete mode 100644 2026/09/11/hydrogen.dat.gz
 delete mode 100644 2026/09/11/scan.log.gz
 delete mode 100644 2026/09/12/hydrogen.dat.gz
 delete mode 100644 2026/09/12/scan.log.gz
 delete mode 100644 2026/09/13/hydrogen.dat.gz
 delete mode 100644 2026/09/13/scan.log.gz
 delete mode 100644 2026/09/14/hydrogen.dat.gz
 delete mode 100644 2026/09/14/scan.log.gz
 delete mode 100644 2026/09/15/hydrogen.dat.gz
 delete mode 100644 2026/09/15/scan.log.gz
 delete mode 100644 2026/09/16/hydrogen.dat.gz
 delete mode 100644 2026/09/16/scan.log.gz
 delete mode 100644 2026/09/17/hydrogen.dat.gz
 delete mode 100644 2026/09/17/scan.log.gz
 delete mode 100644 2026/09/18/hydrogen.dat.gz
 delete mode 100644 2026/09/18/scan.log.gz
 delete mode 100644 2026/09/19/hydrogen.dat.gz
 delete mode 100644 2026/09/19/scan.log.gz
 delete mode 100644 2026/09/20/hydrogen.dat.gz
 delete mode 100644 2026/09/20/scan.log.gz
 create mode 100644 data/2026/09/22/hydrogen.dat.gz
 create mode 100644 data/2026/09/22/scan.log.gz
To github.com:bkb3/hydrogen-observatory.git
   45549d2..4c66992  main -> main
Moving to tomorrow's nested calendar directory...
🛰️ Initiating core background logging loop for 2026-09-23...
🔔 Midnight reached! Compressing data for 2026-09-23...
Committing full day's data and local directory changes for 2026-09-23...
[main 2a239c4] Auto daily spectrum upload and updates: 2026-09-23
 3 files changed, 45 insertions(+)
 create mode 100644 data/2026/09/23/hydrogen.dat.gz
 create mode 100644 data/2026/09/23/scan.log.gz
To github.com:bkb3/hydrogen-observatory.git
   4c66992..2a239c4  main -> main
Moving to tomorrow's nested calendar directory...
🛰️ Initiating core background logging loop for 2026-09-24...
Terminated
/mnt/usb_data/radio_astronomy/hydrogen/radio_telescope.sh: line 17: /mnt/usb_data/radio_astronomy/hydrogen//telescope_system.log: Permission denied
/mnt/usb_data/radio_astronomy/hydrogen/radio_telescope.sh: line 17: /mnt/usb_data/radio_astronomy/hydrogen//telescope_system.log: Permission denied
/mnt/usb_data/radio_astronomy/hydrogen/radio_telescope.sh: line 17: /mnt/usb_data/radio_astronomy/hydrogen//telescope_system.log: Permission denied
/mnt/usb_data/radio_astronomy/hydrogen/radio_telescope.sh: line 17: /mnt/usb_data/radio_astronomy/hydrogen//telescope_system.log: Permission denied
/mnt/usb_data/radio_astronomy/hydrogen/radio_telescope.sh: line 17: /mnt/usb_data/radio_astronomy/hydrogen//telescope_system.log: Permission denied
/mnt/usb_data/radio_astronomy/hydrogen/radio_telescope.sh: line 17: /mnt/usb_data/radio_astronomy/hydrogen//telescope_system.log: Permission denied
/mnt/usb_data/radio_astronomy/hydrogen/radio_telescope.sh: line 17: /mnt/usb_data/radio_astronomy/hydrogen//telescope_system.log: Permission denied
/mnt/usb_data/radio_astronomy/hydrogen/radio_telescope.sh: line 17: /mnt/usb_data/radio_astronomy/hydrogen//telescope_system.log: Permission denied
/mnt/usb_data/radio_astronomy/hydrogen/radio_telescope.sh: line 17: /mnt/usb_data/radio_astronomy/hydrogen//telescope_system.log: Permission denied
/mnt/usb_data/radio_astronomy/hydrogen/radio_telescope.sh: line 17: /mnt/usb_data/radio_astronomy/hydrogen//telescope_system.log: Permission denied
/mnt/usb_data/radio_astronomy/hydrogen/radio_telescope.sh: line 17: /mnt/usb_data/radio_astronomy/hydrogen//telescope_system.log: Permission denied
/mnt/usb_data/radio_astronomy/hydrogen/radio_telescope.sh: line 17: /mnt/usb_data/radio_astronomy/hydrogen//telescope_system.log: Permission denied
/mnt/usb_data/radio_astronomy/hydrogen/radio_telescope.sh: line 17: /mnt/usb_data/radio_astronomy/hydrogen//telescope_system.log: Permission denied
/mnt/usb_data/radio_astronomy/hydrogen/radio_telescope.sh: line 17: /mnt/usb_data/radio_astronomy/hydrogen//telescope_system.log: Permission denied
/mnt/usb_data/radio_astronomy/hydrogen/radio_telescope.sh: line 17: /mnt/usb_data/radio_astronomy/hydrogen//telescope_system.log: Permission denied
/mnt/usb_data/radio_astronomy/hydrogen/radio_telescope.sh: line 17: /mnt/usb_data/radio_astronomy/hydrogen//telescope_system.log: Permission denied
/mnt/usb_data/radio_astronomy/hydrogen/radio_telescope.sh: line 17: /mnt/usb_data/radio_astronomy/hydrogen//telescope_system.log: Permission denied
/mnt/usb_data/radio_astronomy/hydrogen/radio_telescope.sh: line 17: /mnt/usb_data/radio_astronomy/hydrogen//telescope_system.log: Permission denied
/mnt/usb_data/radio_astronomy/hydrogen/radio_telescope.sh: line 17: /mnt/usb_data/radio_astronomy/hydrogen//telescope_system.log: Permission denied
/mnt/usb_data/radio_astronomy/hydrogen/radio_telescope.sh: line 17: /mnt/usb_data/radio_astronomy/hydrogen//telescope_system.log: Permission denied
/mnt/usb_data/radio_astronomy/hydrogen/radio_telescope.sh: line 17: /mnt/usb_data/radio_astronomy/hydrogen//telescope_system.log: Permission denied
/mnt/usb_data/radio_astronomy/hydrogen/radio_telescope.sh: line 17: /mnt/usb_data/radio_astronomy/hydrogen//telescope_system.log: Permission denied
/mnt/usb_data/radio_astronomy/hydrogen/radio_telescope.sh: line 17: /mnt/usb_data/radio_astronomy/hydrogen//telescope_system.log: Permission denied
/mnt/usb_data/radio_astronomy/hydrogen/radio_telescope.sh: line 17: /mnt/usb_data/radio_astronomy/hydrogen//telescope_system.log: Permission denied
/mnt/usb_data/radio_astronomy/hydrogen/radio_telescope.sh: line 17: /mnt/usb_data/radio_astronomy/hydrogen//telescope_system.log: Permission denied
/mnt/usb_data/radio_astronomy/hydrogen/radio_telescope.sh: line 17: /mnt/usb_data/radio_astronomy/hydrogen//telescope_system.log: Permission denied
/mnt/usb_data/radio_astronomy/hydrogen/radio_telescope.sh: line 17: /mnt/usb_data/radio_astronomy/hydrogen//telescope_system.log: Permission denied
/mnt/usb_data/radio_astronomy/hydrogen/radio_telescope.sh: line 17: /mnt/usb_data/radio_astronomy/hydrogen//telescope_system.log: Permission denied
/mnt/usb_data/radio_astronomy/hydrogen/radio_telescope.sh: line 17: /mnt/usb_data/radio_astronomy/hydrogen//telescope_system.log: Permission denied
/mnt/usb_data/radio_astronomy/hydrogen/radio_telescope.sh: line 17: /mnt/usb_data/radio_astronomy/hydrogen//telescope_system.log: Permission denied
/mnt/usb_data/radio_astronomy/hydrogen/radio_telescope.sh: line 17: /mnt/usb_data/radio_astronomy/hydrogen//telescope_system.log: Permission denied
/mnt/usb_data/radio_astronomy/hydrogen/radio_telescope.sh: line 17: /mnt/usb_data/radio_astronomy/hydrogen//telescope_system.log: Permission denied
/mnt/usb_data/radio_astronomy/hydrogen/radio_telescope.sh: line 17: /mnt/usb_data/radio_astronomy/hydrogen//telescope_system.log: Permission denied
/mnt/usb_data/radio_astronomy/hydrogen/radio_telescope.sh: line 17: /mnt/usb_data/radio_astronomy/hydrogen//telescope_system.log: Permission denied
/mnt/usb_data/radio_astronomy/hydrogen/radio_telescope.sh: line 17: /mnt/usb_data/radio_astronomy/hydrogen//telescope_system.log: Permission denied
/mnt/usb_data/radio_astronomy/hydrogen/radio_telescope.sh: line 17: /mnt/usb_data/radio_astronomy/hydrogen//telescope_system.log: Permission denied
/mnt/usb_data/radio_astronomy/hydrogen/radio_telescope.sh: line 17: /mnt/usb_data/radio_astronomy/hydrogen//telescope_system.log: Permission denied
/mnt/usb_data/radio_astronomy/hydrogen/radio_telescope.sh: line 17: /mnt/usb_data/radio_astronomy/hydrogen//telescope_system.log: Permission denied
/mnt/usb_data/radio_astronomy/hydrogen/radio_telescope.sh: line 17: /mnt/usb_data/radio_astronomy/hydrogen//telescope_system.log: Permission denied
/mnt/usb_data/radio_astronomy/hydrogen/radio_telescope.sh: line 17: /mnt/usb_data/radio_astronomy/hydrogen//telescope_system.log: Permission denied
/mnt/usb_data/radio_astronomy/hydrogen/radio_telescope.sh: line 17: /mnt/usb_data/radio_astronomy/hydrogen//telescope_system.log: Permission denied
/mnt/usb_data/radio_astronomy/hydrogen/radio_telescope.sh: line 17: /mnt/usb_data/radio_astronomy/hydrogen//telescope_system.log: Permission denied
/mnt/usb_data/radio_astronomy/hydrogen/radio_telescope.sh: line 17: /mnt/usb_data/radio_astronomy/hydrogen//telescope_system.log: Permission denied
/mnt/usb_data/radio_astronomy/hydrogen/radio_telescope.sh: line 17: /mnt/usb_data/radio_astronomy/hydrogen//telescope_system.log: Permission denied
/mnt/usb_data/radio_astronomy/hydrogen/radio_telescope.sh: line 17: /mnt/usb_data/radio_astronomy/hydrogen//telescope_system.log: Permission denied
/mnt/usb_data/radio_astronomy/hydrogen/radio_telescope.sh: line 17: /mnt/usb_data/radio_astronomy/hydrogen//telescope_system.log: Permission denied
/mnt/usb_data/radio_astronomy/hydrogen/radio_telescope.sh: line 17: /mnt/usb_data/radio_astronomy/hydrogen//telescope_system.log: Permission denied
/mnt/usb_data/radio_astronomy/hydrogen/radio_telescope.sh: line 17: /mnt/usb_data/radio_astronomy/hydrogen//telescope_system.log: Permission denied
/mnt/usb_data/radio_astronomy/hydrogen/radio_telescope.sh: line 17: /mnt/usb_data/radio_astronomy/hydrogen//telescope_system.log: Permission denied
/mnt/usb_data/radio_astronomy/hydrogen/radio_telescope.sh: line 17: /mnt/usb_data/radio_astronomy/hydrogen//telescope_system.log: Permission denied
/mnt/usb_data/radio_astronomy/hydrogen/radio_telescope.sh: line 17: /mnt/usb_data/radio_astronomy/hydrogen//telescope_system.log: Permission denied
✅ Found Target SDR at Index: 0
🌌 Initializing Hydrogen Line Automated USB Observatory Control Loop...
🛰️ Initiating core background logging loop for 2026-09-24...
[2026-09-24 11:51:13] WATCHDOG: Radio acquisition watchdog started.
Terminated
✅ Found Target SDR at Index: 0
🌌 Initializing Hydrogen Line Automated USB Observatory Control Loop...
🛰️ Initiating core background logging loop for 2026-09-24...
[2026-09-24 13:51:07] WATCHDOG: Hydrogen scan.log is 9 MB: /mnt/usb_data/radio_astronomy/hydrogen/data/2026/09/24/scan.log
[2026-09-24 13:51:07] WATCHDOG: scan.log grew beyond 1 MB. Probably SDR disconnected. Stopping rtl_power_fftw and hydrogen-observatory.service.
Terminated
Terminated
[2026-09-24 13:51:08] WATCHDOG: rtl_power_fftw and hydrogen-observatory.service stopped.
✅ Found Target SDR at Index: 0
🌌 Initializing Hydrogen Line Automated USB Observatory Control Loop...
🛰️ Initiating core background logging loop for 2026-09-24...
🔔 Midnight reached! Compressing data for 2026-09-24...
Committing full day's data and local directory changes for 2026-09-24...
[main 2d3fe55] Auto daily spectrum upload and updates: 2026-09-24
 3 files changed, 79 insertions(+)
 create mode 100644 data/2026/09/24/hydrogen.dat.gz
 create mode 100644 data/2026/09/24/scan.log.gz
To github.com:bkb3/hydrogen-observatory.git
   2a239c4..2d3fe55  main -> main
Moving to tomorrow's nested calendar directory...
🛰️ Initiating core background logging loop for 2026-09-25...
[2026-09-25 09:14:29] WATCHDOG: Hydrogen scan.log is 8 MB: /mnt/usb_data/radio_astronomy/hydrogen/data/2026/09/25/scan.log
[2026-09-25 09:14:29] WATCHDOG: scan.log grew beyond 1 MB. Probably SDR disconnected. Stopping rtl_power_fftw and hydrogen-observatory.service.
Terminated
Terminated
[2026-09-25 09:14:29] WATCHDOG: rtl_power_fftw and hydrogen-observatory.service stopped.
✅ Found Target SDR at Index: 0
🌌 Initializing Hydrogen Line Automated USB Observatory Control Loop...
🛰️ Initiating core background logging loop for 2026-09-25...
🔔 Midnight reached! Compressing data for 2026-09-25...
Committing full day's data and local directory changes for 2026-09-25...
[main 48910a9] Auto daily spectrum upload and updates: 2026-09-25
 3 files changed, 19 insertions(+)
 create mode 100644 data/2026/09/25/hydrogen.dat.gz
 create mode 100644 data/2026/09/25/scan.log.gz
ssh: connect to host github.com port 22: Connection timed out
fatal: Could not read from remote repository.

Please make sure you have the correct access rights
and the repository exists.
⚠️ Git push failed at midnight. Will retry next cycle.
Moving to tomorrow's nested calendar directory...
🛰️ Initiating core background logging loop for 2026-09-26...
Terminated
[2026-09-26 12:47:43] WATCHDOG: Radio acquisition watchdog started.
/mnt/usb_data/radio_astronomy/hydrogen/radio_telescope.sh: line 17: /mnt/usb_data/radio_astronomy/hydrogen//telescope_system.log: Permission denied
/mnt/usb_data/radio_astronomy/hydrogen/radio_telescope.sh: line 17: /mnt/usb_data/radio_astronomy/hydrogen//telescope_system.log: Permission denied
/mnt/usb_data/radio_astronomy/hydrogen/radio_telescope.sh: line 17: /mnt/usb_data/radio_astronomy/hydrogen//telescope_system.log: Permission denied
/mnt/usb_data/radio_astronomy/hydrogen/radio_telescope.sh: line 17: /mnt/usb_data/radio_astronomy/hydrogen//telescope_system.log: Permission denied
/mnt/usb_data/radio_astronomy/hydrogen/radio_telescope.sh: line 17: /mnt/usb_data/radio_astronomy/hydrogen//telescope_system.log: Permission denied
/mnt/usb_data/radio_astronomy/hydrogen/radio_telescope.sh: line 17: /mnt/usb_data/radio_astronomy/hydrogen//telescope_system.log: Permission denied
/mnt/usb_data/radio_astronomy/hydrogen/radio_telescope.sh: line 17: /mnt/usb_data/radio_astronomy/hydrogen//telescope_system.log: Permission denied
/mnt/usb_data/radio_astronomy/hydrogen/radio_telescope.sh: line 17: /mnt/usb_data/radio_astronomy/hydrogen//telescope_system.log: Permission denied
/mnt/usb_data/radio_astronomy/hydrogen/radio_telescope.sh: line 17: /mnt/usb_data/radio_astronomy/hydrogen//telescope_system.log: Permission denied
/mnt/usb_data/radio_astronomy/hydrogen/radio_telescope.sh: line 17: /mnt/usb_data/radio_astronomy/hydrogen//telescope_system.log: Permission denied
/mnt/usb_data/radio_astronomy/hydrogen/radio_telescope.sh: line 17: /mnt/usb_data/radio_astronomy/hydrogen//telescope_system.log: Permission denied
/mnt/usb_data/radio_astronomy/hydrogen/radio_telescope.sh: line 17: /mnt/usb_data/radio_astronomy/hydrogen//telescope_system.log: Permission denied
/mnt/usb_data/radio_astronomy/hydrogen/radio_telescope.sh: line 17: /mnt/usb_data/radio_astronomy/hydrogen//telescope_system.log: Permission denied
/mnt/usb_data/radio_astronomy/hydrogen/radio_telescope.sh: line 17: /mnt/usb_data/radio_astronomy/hydrogen//telescope_system.log: Permission denied
/mnt/usb_data/radio_astronomy/hydrogen/radio_telescope.sh: line 17: /mnt/usb_data/radio_astronomy/hydrogen//telescope_system.log: Permission denied
/mnt/usb_data/radio_astronomy/hydrogen/radio_telescope.sh: line 17: /mnt/usb_data/radio_astronomy/hydrogen//telescope_system.log: Permission denied
/mnt/usb_data/radio_astronomy/hydrogen/radio_telescope.sh: line 17: /mnt/usb_data/radio_astronomy/hydrogen//telescope_system.log: Permission denied
/mnt/usb_data/radio_astronomy/hydrogen/radio_telescope.sh: line 17: /mnt/usb_data/radio_astronomy/hydrogen//telescope_system.log: Permission denied
/mnt/usb_data/radio_astronomy/hydrogen/radio_telescope.sh: line 17: /mnt/usb_data/radio_astronomy/hydrogen//telescope_system.log: Permission denied
/mnt/usb_data/radio_astronomy/hydrogen/radio_telescope.sh: line 17: /mnt/usb_data/radio_astronomy/hydrogen//telescope_system.log: Permission denied
/mnt/usb_data/radio_astronomy/hydrogen/radio_telescope.sh: line 17: /mnt/usb_data/radio_astronomy/hydrogen//telescope_system.log: Permission denied
/mnt/usb_data/radio_astronomy/hydrogen/radio_telescope.sh: line 17: /mnt/usb_data/radio_astronomy/hydrogen//telescope_system.log: Permission denied
/mnt/usb_data/radio_astronomy/hydrogen/radio_telescope.sh: line 17: /mnt/usb_data/radio_astronomy/hydrogen//telescope_system.log: Permission denied
/mnt/usb_data/radio_astronomy/hydrogen/radio_telescope.sh: line 17: /mnt/usb_data/radio_astronomy/hydrogen//telescope_system.log: Permission denied
/mnt/usb_data/radio_astronomy/hydrogen/radio_telescope.sh: line 17: /mnt/usb_data/radio_astronomy/hydrogen//telescope_system.log: Permission denied
/mnt/usb_data/radio_astronomy/hydrogen/radio_telescope.sh: line 17: /mnt/usb_data/radio_astronomy/hydrogen//telescope_system.log: Permission denied
/mnt/usb_data/radio_astronomy/hydrogen/radio_telescope.sh: line 17: /mnt/usb_data/radio_astronomy/hydrogen//telescope_system.log: Permission denied
/mnt/usb_data/radio_astronomy/hydrogen/radio_telescope.sh: line 17: /mnt/usb_data/radio_astronomy/hydrogen//telescope_system.log: Permission denied
/mnt/usb_data/radio_astronomy/hydrogen/radio_telescope.sh: line 17: /mnt/usb_data/radio_astronomy/hydrogen//telescope_system.log: Permission denied
/mnt/usb_data/radio_astronomy/hydrogen/radio_telescope.sh: line 17: /mnt/usb_data/radio_astronomy/hydrogen//telescope_system.log: Permission denied
/mnt/usb_data/radio_astronomy/hydrogen/radio_telescope.sh: line 17: /mnt/usb_data/radio_astronomy/hydrogen//telescope_system.log: Permission denied
/mnt/usb_data/radio_astronomy/hydrogen/radio_telescope.sh: line 17: /mnt/usb_data/radio_astronomy/hydrogen//telescope_system.log: Permission denied
[2026-09-26 12:47:43] WATCHDOG: Radio acquisition watchdog started.
/mnt/usb_data/radio_astronomy/hydrogen/radio_telescope.sh: line 17: /mnt/usb_data/radio_astronomy/hydrogen//telescope_system.log: Permission denied
/mnt/usb_data/radio_astronomy/hydrogen/radio_telescope.sh: line 17: /mnt/usb_data/radio_astronomy/hydrogen//telescope_system.log: Permission denied
/mnt/usb_data/radio_astronomy/hydrogen/radio_telescope.sh: line 17: /mnt/usb_data/radio_astronomy/hydrogen//telescope_system.log: Permission denied
/mnt/usb_data/radio_astronomy/hydrogen/radio_telescope.sh: line 17: /mnt/usb_data/radio_astronomy/hydrogen//telescope_system.log: Permission denied
/mnt/usb_data/radio_astronomy/hydrogen/radio_telescope.sh: line 17: /mnt/usb_data/radio_astronomy/hydrogen//telescope_system.log: Permission denied
/mnt/usb_data/radio_astronomy/hydrogen/radio_telescope.sh: line 17: /mnt/usb_data/radio_astronomy/hydrogen//telescope_system.log: Permission denied
/mnt/usb_data/radio_astronomy/hydrogen/radio_telescope.sh: line 17: /mnt/usb_data/radio_astronomy/hydrogen//telescope_system.log: Permission denied
/mnt/usb_data/radio_astronomy/hydrogen/radio_telescope.sh: line 17: /mnt/usb_data/radio_astronomy/hydrogen//telescope_system.log: Permission denied
/mnt/usb_data/radio_astronomy/hydrogen/radio_telescope.sh: line 17: /mnt/usb_data/radio_astronomy/hydrogen//telescope_system.log: Permission denied
/mnt/usb_data/radio_astronomy/hydrogen/radio_telescope.sh: line 17: /mnt/usb_data/radio_astronomy/hydrogen//telescope_system.log: Permission denied
/mnt/usb_data/radio_astronomy/hydrogen/radio_telescope.sh: line 17: /mnt/usb_data/radio_astronomy/hydrogen//telescope_system.log: Permission denied
/mnt/usb_data/radio_astronomy/hydrogen/radio_telescope.sh: line 17: /mnt/usb_data/radio_astronomy/hydrogen//telescope_system.log: Permission denied
/mnt/usb_data/radio_astronomy/hydrogen/radio_telescope.sh: line 17: /mnt/usb_data/radio_astronomy/hydrogen//telescope_system.log: Permission denied
/mnt/usb_data/radio_astronomy/hydrogen/radio_telescope.sh: line 17: /mnt/usb_data/radio_astronomy/hydrogen//telescope_system.log: Permission denied
/mnt/usb_data/radio_astronomy/hydrogen/radio_telescope.sh: line 17: /mnt/usb_data/radio_astronomy/hydrogen//telescope_system.log: Permission denied
/mnt/usb_data/radio_astronomy/hydrogen/radio_telescope.sh: line 17: /mnt/usb_data/radio_astronomy/hydrogen//telescope_system.log: Permission denied
/mnt/usb_data/radio_astronomy/hydrogen/radio_telescope.sh: line 17: /mnt/usb_data/radio_astronomy/hydrogen//telescope_system.log: Permission denied
/mnt/usb_data/radio_astronomy/hydrogen/radio_telescope.sh: line 17: /mnt/usb_data/radio_astronomy/hydrogen//telescope_system.log: Permission denied
/mnt/usb_data/radio_astronomy/hydrogen/radio_telescope.sh: line 17: /mnt/usb_data/radio_astronomy/hydrogen//telescope_system.log: Permission denied
/mnt/usb_data/radio_astronomy/hydrogen/radio_telescope.sh: line 17: /mnt/usb_data/radio_astronomy/hydrogen//telescope_system.log: Permission denied
/mnt/usb_data/radio_astronomy/hydrogen/radio_telescope.sh: line 17: /mnt/usb_data/radio_astronomy/hydrogen//telescope_system.log: Permission denied
/mnt/usb_data/radio_astronomy/hydrogen/radio_telescope.sh: line 17: /mnt/usb_data/radio_astronomy/hydrogen//telescope_system.log: Permission denied
/mnt/usb_data/radio_astronomy/hydrogen/radio_telescope.sh: line 17: /mnt/usb_data/radio_astronomy/hydrogen//telescope_system.log: Permission denied
/mnt/usb_data/radio_astronomy/hydrogen/radio_telescope.sh: line 17: /mnt/usb_data/radio_astronomy/hydrogen//telescope_system.log: Permission denied
/mnt/usb_data/radio_astronomy/hydrogen/radio_telescope.sh: line 17: /mnt/usb_data/radio_astronomy/hydrogen//telescope_system.log: Permission denied
/mnt/usb_data/radio_astronomy/hydrogen/radio_telescope.sh: line 17: /mnt/usb_data/radio_astronomy/hydrogen//telescope_system.log: Permission denied
/mnt/usb_data/radio_astronomy/hydrogen/radio_telescope.sh: line 17: /mnt/usb_data/radio_astronomy/hydrogen//telescope_system.log: Permission denied
/mnt/usb_data/radio_astronomy/hydrogen/radio_telescope.sh: line 17: /mnt/usb_data/radio_astronomy/hydrogen//telescope_system.log: Permission denied
/mnt/usb_data/radio_astronomy/hydrogen/radio_telescope.sh: line 17: /mnt/usb_data/radio_astronomy/hydrogen//telescope_system.log: Permission denied
[2026-09-26 13:30:46] WATCHDOG: Radio acquisition watchdog started.
/mnt/usb_data/radio_astronomy/hydrogen/radio_telescope.sh: line 17: /mnt/usb_data/radio_astronomy/hydrogen//telescope_system.log: Permission denied
/mnt/usb_data/radio_astronomy/hydrogen/radio_telescope.sh: line 17: /mnt/usb_data/radio_astronomy/hydrogen//telescope_system.log: Permission denied
/mnt/usb_data/radio_astronomy/hydrogen/radio_telescope.sh: line 17: /mnt/usb_data/radio_astronomy/hydrogen//telescope_system.log: Permission denied
/mnt/usb_data/radio_astronomy/hydrogen/radio_telescope.sh: line 17: /mnt/usb_data/radio_astronomy/hydrogen//telescope_system.log: Permission denied
/mnt/usb_data/radio_astronomy/hydrogen/radio_telescope.sh: line 17: /mnt/usb_data/radio_astronomy/hydrogen//telescope_system.log: Permission denied
/mnt/usb_data/radio_astronomy/hydrogen/radio_telescope.sh: line 17: /mnt/usb_data/radio_astronomy/hydrogen//telescope_system.log: Permission denied
/mnt/usb_data/radio_astronomy/hydrogen/radio_telescope.sh: line 17: /mnt/usb_data/radio_astronomy/hydrogen//telescope_system.log: Permission denied
/mnt/usb_data/radio_astronomy/hydrogen/radio_telescope.sh: line 17: /mnt/usb_data/radio_astronomy/hydrogen//telescope_system.log: Permission denied
/mnt/usb_data/radio_astronomy/hydrogen/radio_telescope.sh: line 17: /mnt/usb_data/radio_astronomy/hydrogen//telescope_system.log: Permission denied
/mnt/usb_data/radio_astronomy/hydrogen/radio_telescope.sh: line 17: /mnt/usb_data/radio_astronomy/hydrogen//telescope_system.log: Permission denied
/mnt/usb_data/radio_astronomy/hydrogen/radio_telescope.sh: line 17: /mnt/usb_data/radio_astronomy/hydrogen//telescope_system.log: Permission denied
/mnt/usb_data/radio_astronomy/hydrogen/radio_telescope.sh: line 17: /mnt/usb_data/radio_astronomy/hydrogen//telescope_system.log: Permission denied
/mnt/usb_data/radio_astronomy/hydrogen/radio_telescope.sh: line 17: /mnt/usb_data/radio_astronomy/hydrogen//telescope_system.log: Permission denied
/mnt/usb_data/radio_astronomy/hydrogen/radio_telescope.sh: line 17: /mnt/usb_data/radio_astronomy/hydrogen//telescope_system.log: Permission denied
/mnt/usb_data/radio_astronomy/hydrogen/radio_telescope.sh: line 17: /mnt/usb_data/radio_astronomy/hydrogen//telescope_system.log: Permission denied
/mnt/usb_data/radio_astronomy/hydrogen/radio_telescope.sh: line 17: /mnt/usb_data/radio_astronomy/hydrogen//telescope_system.log: Permission denied
/mnt/usb_data/radio_astronomy/hydrogen/radio_telescope.sh: line 17: /mnt/usb_data/radio_astronomy/hydrogen//telescope_system.log: Permission denied
/mnt/usb_data/radio_astronomy/hydrogen/radio_telescope.sh: line 17: /mnt/usb_data/radio_astronomy/hydrogen//telescope_system.log: Permission denied
/mnt/usb_data/radio_astronomy/hydrogen/radio_telescope.sh: line 17: /mnt/usb_data/radio_astronomy/hydrogen//telescope_system.log: Permission denied
/mnt/usb_data/radio_astronomy/hydrogen/radio_telescope.sh: line 17: /mnt/usb_data/radio_astronomy/hydrogen//telescope_system.log: Permission denied
/mnt/usb_data/radio_astronomy/hydrogen/radio_telescope.sh: line 17: /mnt/usb_data/radio_astronomy/hydrogen//telescope_system.log: Permission denied
/mnt/usb_data/radio_astronomy/hydrogen/radio_telescope.sh: line 17: /mnt/usb_data/radio_astronomy/hydrogen//telescope_system.log: Permission denied
/mnt/usb_data/radio_astronomy/hydrogen/radio_telescope.sh: line 17: /mnt/usb_data/radio_astronomy/hydrogen//telescope_system.log: Permission denied
/mnt/usb_data/radio_astronomy/hydrogen/radio_telescope.sh: line 17: /mnt/usb_data/radio_astronomy/hydrogen//telescope_system.log: Permission denied
/mnt/usb_data/radio_astronomy/hydrogen/radio_telescope.sh: line 17: /mnt/usb_data/radio_astronomy/hydrogen//telescope_system.log: Permission denied
[2026-09-26 13:37:13] WATCHDOG: Radio acquisition watchdog started.
/mnt/usb_data/radio_astronomy/hydrogen/radio_telescope.sh: line 17: /mnt/usb_data/radio_astronomy/hydrogen//telescope_system.log: Permission denied
✅ Found Target SDR at Index: 2
🌌 Initializing Hydrogen Line Automated USB Observatory Control Loop...
🛰️ Initiating core background logging loop for 2026-09-26...
[2026-09-26 16:22:57] WATCHDOG: Hydrogen scan.log is 4 MB: /mnt/usb_data/radio_astronomy/hydrogen/data/2026/09/26/scan.log
[2026-09-26 16:22:57] WATCHDOG: scan.log grew beyond 1 MB. Probably SDR disconnected. Stopping rtl_power_fftw and hydrogen-observatory.service.
Terminated
Terminated
[2026-09-26 16:22:58] WATCHDOG: rtl_power_fftw and hydrogen-observatory.service stopped.
✅ Found Target SDR at Index: 2
🌌 Initializing Hydrogen Line Automated USB Observatory Control Loop...
[2026-09-26 23:53:49] WATCHDOG: Hydrogen scan.log is 4 MB: /mnt/usb_data/radio_astronomy/hydrogen/data/2026/09/26/scan.log
[2026-09-26 23:53:49] WATCHDOG: scan.log grew beyond 1 MB. Probably SDR disconnected. Stopping rtl_power_fftw and hydrogen-observatory.service.
Terminated
[2026-09-26 23:53:49] WATCHDOG: rtl_power_fftw and hydrogen-observatory.service stopped.
✅ Found Target SDR at Index: 2
🌌 Initializing Hydrogen Line Automated USB Observatory Control Loop...
🛰️ Initiating core background logging loop for 2026-09-26...
🔔 Midnight reached! Compressing data for 2026-09-26...
Committing full day's data and local directory changes for 2026-09-26...
[main 619d3d5] Auto daily spectrum upload and updates: 2026-09-26
 6 files changed, 266 insertions(+), 21 deletions(-)
 create mode 100644 data/2026/09/26/hydrogen.dat.gz
 create mode 100644 data/2026/09/26/scan.log.gz
To github.com:bkb3/hydrogen-observatory.git
   2d3fe55..619d3d5  main -> main
Moving to tomorrow's nested calendar directory...
🛰️ Initiating core background logging loop for 2026-09-27...
Terminated
/mnt/usb_data/radio_astronomy/hydrogen/radio_telescope.sh: line 17: /mnt/usb_data/radio_astronomy/hydrogen//telescope_system.log: Permission denied
/mnt/usb_data/radio_astronomy/hydrogen/radio_telescope.sh: line 17: /mnt/usb_data/radio_astronomy/hydrogen//telescope_system.log: Permission denied
/mnt/usb_data/radio_astronomy/hydrogen/radio_telescope.sh: line 17: /mnt/usb_data/radio_astronomy/hydrogen//telescope_system.log: Permission denied
/mnt/usb_data/radio_astronomy/hydrogen/radio_telescope.sh: line 17: /mnt/usb_data/radio_astronomy/hydrogen//telescope_system.log: Permission denied
/mnt/usb_data/radio_astronomy/hydrogen/radio_telescope.sh: line 17: /mnt/usb_data/radio_astronomy/hydrogen//telescope_system.log: Permission denied
/mnt/usb_data/radio_astronomy/hydrogen/radio_telescope.sh: line 17: /mnt/usb_data/radio_astronomy/hydrogen//telescope_system.log: Permission denied
/mnt/usb_data/radio_astronomy/hydrogen/radio_telescope.sh: line 17: /mnt/usb_data/radio_astronomy/hydrogen//telescope_system.log: Permission denied
/mnt/usb_data/radio_astronomy/hydrogen/radio_telescope.sh: line 17: /mnt/usb_data/radio_astronomy/hydrogen//telescope_system.log: Permission denied
/mnt/usb_data/radio_astronomy/hydrogen/radio_telescope.sh: line 17: /mnt/usb_data/radio_astronomy/hydrogen//telescope_system.log: Permission denied
/mnt/usb_data/radio_astronomy/hydrogen/radio_telescope.sh: line 17: /mnt/usb_data/radio_astronomy/hydrogen//telescope_system.log: Permission denied
/mnt/usb_data/radio_astronomy/hydrogen/radio_telescope.sh: line 17: /mnt/usb_data/radio_astronomy/hydrogen//telescope_system.log: Permission denied
/mnt/usb_data/radio_astronomy/hydrogen/radio_telescope.sh: line 17: /mnt/usb_data/radio_astronomy/hydrogen//telescope_system.log: Permission denied
/mnt/usb_data/radio_astronomy/hydrogen/radio_telescope.sh: line 17: /mnt/usb_data/radio_astronomy/hydrogen//telescope_system.log: Permission denied
✅ Found Target SDR at Index: 2
🌌 Initializing Hydrogen Line Automated USB Observatory Control Loop...
🛰️ Initiating core background logging loop for 2026-09-27...
🔔 Midnight reached! Compressing data for 2026-09-27...
Committing full day's data and local directory changes for 2026-09-27...
[main fdb4e93] Auto daily spectrum upload and updates: 2026-09-27
 4 files changed, 123 insertions(+), 78 deletions(-)
 create mode 100644 data/2026/09/27/hydrogen.dat.gz
 create mode 100644 data/2026/09/27/scan.log.gz
To github.com:bkb3/hydrogen-observatory.git
   619d3d5..fdb4e93  main -> main
Moving to tomorrow's nested calendar directory...
🛰️ Initiating core background logging loop for 2026-09-28...
Terminated
[2026-09-28 12:23:51] WATCHDOG: Radio acquisition watchdog started.
/mnt/usb_data/radio_astronomy/hydrogen/radio_telescope.sh: line 17: /mnt/usb_data/radio_astronomy/hydrogen//telescope_system.log: Permission denied
/mnt/usb_data/radio_astronomy/hydrogen/radio_telescope.sh: line 17: /mnt/usb_data/radio_astronomy/hydrogen//telescope_system.log: Permission denied
✅ Found Target SDR at Index: 2
🌌 Initializing Hydrogen Line Automated USB Observatory Control Loop...
🛰️ Initiating core background logging loop for 2026-09-28...
🔔 Midnight reached! Compressing data for 2026-09-28...
Committing full day's data and local directory changes for 2026-09-28...
[main 0a0400b] Auto daily spectrum upload and updates: 2026-09-28
 4 files changed, 432 insertions(+), 25 deletions(-)
 create mode 100644 data/2026/09/28/hydrogen.dat.gz
 create mode 100644 data/2026/09/28/scan.log.gz
To github.com:bkb3/hydrogen-observatory.git
   fdb4e93..0a0400b  main -> main
Moving to tomorrow's nested calendar directory...
🛰️ Initiating core background logging loop for 2026-09-29...
🔔 Midnight reached! Compressing data for 2026-09-29...
Committing full day's data and local directory changes for 2026-09-29...
[main 01408a3] Auto daily spectrum upload and updates: 2026-09-29
 3 files changed, 11 insertions(+)
 create mode 100644 data/2026/09/29/hydrogen.dat.gz
 create mode 100644 data/2026/09/29/scan.log.gz
To github.com:bkb3/hydrogen-observatory.git
   0a0400b..01408a3  main -> main
Moving to tomorrow's nested calendar directory...
🛰️ Initiating core background logging loop for 2026-09-30...
Terminated
✅ Found Target SDR at Index: 2
🌌 Initializing Hydrogen Line Automated USB Observatory Control Loop...
🛰️ Initiating core background logging loop for 2026-09-30...
🔔 Midnight reached! Compressing data for 2026-09-30...
Committing full day's data and local directory changes for 2026-09-30...
[main 3c7b9e4] Auto daily spectrum upload and updates: 2026-09-30
 5 files changed, 22 insertions(+), 3 deletions(-)
 create mode 100644 data/2026/09/30/hydrogen.dat.gz
 create mode 100644 data/2026/09/30/scan.log.gz
To github.com:bkb3/hydrogen-observatory.git
   01408a3..3c7b9e4  main -> main
Moving to tomorrow's nested calendar directory...
🛰️ Initiating core background logging loop for 2026-10-01...
🔔 Midnight reached! Compressing data for 2026-10-01...
Committing full day's data and local directory changes for 2026-10-01...
[main 9081f3d] Auto daily spectrum upload and updates: 2026-10-01
 3 files changed, 11 insertions(+)
 create mode 100644 data/2026/10/01/hydrogen.dat.gz
 create mode 100644 data/2026/10/01/scan.log.gz
To github.com:bkb3/hydrogen-observatory.git
   3c7b9e4..9081f3d  main -> main
Moving to tomorrow's nested calendar directory...
🛰️ Initiating core background logging loop for 2026-10-02...
🔔 Midnight reached! Compressing data for 2026-10-02...
Committing full day's data and local directory changes for 2026-10-02...
[main a4e712c] Auto daily spectrum upload and updates: 2026-10-02
 3 files changed, 11 insertions(+)
 create mode 100644 data/2026/10/02/hydrogen.dat.gz
 create mode 100644 data/2026/10/02/scan.log.gz
To github.com:bkb3/hydrogen-observatory.git
   9081f3d..a4e712c  main -> main
Moving to tomorrow's nested calendar directory...
🛰️ Initiating core background logging loop for 2026-10-03...
🔔 Midnight reached! Compressing data for 2026-10-03...
Committing full day's data and local directory changes for 2026-10-03...
[main d0a4df3] Auto daily spectrum upload and updates: 2026-10-03
 3 files changed, 11 insertions(+)
 create mode 100644 data/2026/10/03/hydrogen.dat.gz
 create mode 100644 data/2026/10/03/scan.log.gz
To github.com:bkb3/hydrogen-observatory.git
   a4e712c..d0a4df3  main -> main
Moving to tomorrow's nested calendar directory...
🛰️ Initiating core background logging loop for 2026-10-04...
🔔 Midnight reached! Compressing data for 2026-10-04...
Committing full day's data and local directory changes for 2026-10-04...
[main 5e40976] Auto daily spectrum upload and updates: 2026-10-04
 3 files changed, 11 insertions(+)
 create mode 100644 data/2026/10/04/hydrogen.dat.gz
 create mode 100644 data/2026/10/04/scan.log.gz
To github.com:bkb3/hydrogen-observatory.git
   d0a4df3..5e40976  main -> main
Moving to tomorrow's nested calendar directory...
🛰️ Initiating core background logging loop for 2026-10-05...
🔔 Midnight reached! Compressing data for 2026-10-05...
Committing full day's data and local directory changes for 2026-10-05...
